-- --------------------------------------------------------
-- Host:                         127.0.0.1
-- Versión del servidor:         10.1.41-MariaDB-1~xenial - mariadb.org binary distribution
-- SO del servidor:              debian-linux-gnu
-- HeidiSQL Versión:             10.2.0.5599
-- --------------------------------------------------------

/*!40101 SET @OLD_CHARACTER_SET_CLIENT=@@CHARACTER_SET_CLIENT */;
/*!40101 SET NAMES utf8 */;
/*!50503 SET NAMES utf8mb4 */;
/*!40014 SET @OLD_FOREIGN_KEY_CHECKS=@@FOREIGN_KEY_CHECKS, FOREIGN_KEY_CHECKS=0 */;
/*!40101 SET @OLD_SQL_MODE=@@SQL_MODE, SQL_MODE='NO_AUTO_VALUE_ON_ZERO' */;


-- Volcando estructura de base de datos para dwh
CREATE DATABASE IF NOT EXISTS `dwh` /*!40100 DEFAULT CHARACTER SET latin1 */;
USE `dwh`;

-- Volcando estructura para tabla dwh.t_f_sales
CREATE TABLE IF NOT EXISTS `t_f_sales` (
  `Order_id` int(11) DEFAULT NULL,
  `Order_Item_id` int(11) DEFAULT NULL,
  `Invoice_id` int(11) DEFAULT NULL,
  `Invoice_Item_id` int(11) DEFAULT NULL,
  `Product_id` int(11) DEFAULT NULL,
  `Status_id` varchar(8) DEFAULT NULL,
  `Order_desc` tinytext,
  `Quantity_inv_num` double DEFAULT NULL,
  `Amount_inv_num` double DEFAULT NULL,
  `TAX_inv_num` double DEFAULT NULL,
  `Total_amount_inv_num` double DEFAULT NULL,
  `Day_id` varchar(8) DEFAULT NULL,
  `Order_Date_id` datetime DEFAULT NULL,
  `Invoice_date_id` datetime DEFAULT NULL,
  `Quantity_ord_num` double DEFAULT NULL,
  `Quantity_del_num` double DEFAULT NULL,
  `Quantity_quot_num` double DEFAULT NULL,
  `Currency_id` int(11) DEFAULT NULL,
  `Creation_Date_id` datetime DEFAULT NULL,
  `Customer_id` int(11) DEFAULT NULL,
  `Employee_id` int(11) DEFAULT NULL,
  KEY `idx_t_f_sales_lookup` (`Order_id`,`Order_Item_id`)
) ENGINE=InnoDB DEFAULT CHARSET=latin1;

-- Volcando datos para la tabla dwh.t_f_sales: ~44 rows (aproximadamente)
/*!40000 ALTER TABLE `t_f_sales` DISABLE KEYS */;
REPLACE INTO `t_f_sales` (`Order_id`, `Order_Item_id`, `Invoice_id`, `Invoice_Item_id`, `Product_id`, `Status_id`, `Order_desc`, `Quantity_inv_num`, `Amount_inv_num`, `TAX_inv_num`, `Total_amount_inv_num`, `Day_id`, `Order_Date_id`, `Invoice_date_id`, `Quantity_ord_num`, `Quantity_del_num`, `Quantity_quot_num`, `Currency_id`, `Creation_Date_id`, `Customer_id`, `Employee_id`) VALUES
	(1, 1, NULL, NULL, 33, 'Quoted', 'SO001', NULL, NULL, NULL, 70500, '20191020', '2019-09-20 00:00:00', NULL, 0, 0, 3, 1, '2019-10-20 00:00:00', 9, 5),
	(1, 2, NULL, NULL, 5, 'Quoted', 'SO001', NULL, NULL, NULL, 117500, '20191020', '2019-09-20 00:00:00', NULL, 0, 0, 5, 1, '2019-10-20 00:00:00', 9, 5),
	(1, 3, NULL, NULL, 4, 'Quoted', 'SO001', NULL, NULL, NULL, 47000, '20191020', '2019-09-20 00:00:00', NULL, 0, 0, 2, 1, '2019-10-20 00:00:00', 9, 5),
	(2, 4, NULL, NULL, 7, 'Quoted', 'SO002', NULL, NULL, NULL, 564000, '20191020', '2019-09-20 00:00:00', NULL, 0, 0, 24, 1, '2019-10-20 00:00:00', 11, 1),
	(2, 5, NULL, NULL, 8, 'Quoted', 'SO002', NULL, NULL, NULL, 705000, '20191020', '2019-09-20 00:00:00', NULL, 0, 0, 30, 1, '2019-10-20 00:00:00', 11, 1),
	(3, 6, NULL, NULL, 7, 'Quoted', 'SO003', NULL, NULL, NULL, 235000, '20191020', '2019-10-20 00:00:00', NULL, 0, 0, 10, 1, '2019-10-20 00:00:00', 11, 1),
	(3, 7, NULL, NULL, 4, 'Quoted', 'SO003', NULL, NULL, NULL, 23500, '20191020', '2019-10-20 00:00:00', NULL, 0, 0, 1, 1, '2019-10-20 00:00:00', 11, 1),
	(5, 12, NULL, NULL, 5, 'Quoted', 'SO005', NULL, NULL, NULL, 23500, '20191020', '2019-09-20 00:00:00', NULL, 0, 0, 1, 1, '2019-10-20 00:00:00', 9, 5),
	(4, 8, NULL, NULL, 7, 'Ordered', 'SO004', NULL, NULL, NULL, 376000, '20191020', '2019-10-20 00:00:00', NULL, 0, 0, 16, 1, '2019-10-20 00:00:00', 10, 1),
	(4, 9, NULL, NULL, 5, 'Ordered', 'SO004', NULL, NULL, NULL, 235000, '20191020', '2019-10-20 00:00:00', NULL, 0, 0, 10, 1, '2019-10-20 00:00:00', 10, 1),
	(4, 10, NULL, NULL, 36, 'Ordered', 'SO004', NULL, NULL, NULL, 70500, '20191020', '2019-10-20 00:00:00', NULL, 0, 0, 3, 1, '2019-10-20 00:00:00', 10, 1),
	(4, 11, NULL, NULL, 4, 'Ordered', 'SO004', NULL, NULL, NULL, 47000, '20191020', '2019-10-20 00:00:00', NULL, 0, 0, 2, 1, '2019-10-20 00:00:00', 10, 1),
	(6, 13, NULL, NULL, 10, 'Ordered', 'SO006', NULL, NULL, NULL, 23500, '20191020', '2019-10-20 00:00:00', NULL, 0, 0, 1, 1, '2019-10-20 00:00:00', 14, 1),
	(7, 16, NULL, NULL, 5, 'Ordered', 'SO007', NULL, NULL, NULL, 23500, '20191020', '2019-10-20 00:00:00', NULL, 0, 0, 1, 1, '2019-10-20 00:00:00', 10, 1),
	(7, 17, NULL, NULL, 4, 'Ordered', 'SO007', NULL, NULL, NULL, 23500, '20191020', '2019-10-20 00:00:00', NULL, 0, 0, 1, 1, '2019-10-20 00:00:00', 10, 1),
	(7, 14, NULL, NULL, 33, 'Ordered', 'SO007', NULL, NULL, NULL, 117500, '20191020', '2019-10-20 00:00:00', NULL, 0, 0, 5, 1, '2019-10-20 00:00:00', 10, 1),
	(7, 15, NULL, NULL, 37, 'Ordered', 'SO007', NULL, NULL, NULL, 23500, '20191020', '2019-10-20 00:00:00', NULL, 0, 0, 1, 1, '2019-10-20 00:00:00', 10, 1),
	(8, 18, NULL, NULL, 34, 'Ordered', 'Test/001', NULL, NULL, NULL, 47000, '20191020', '2019-10-20 00:00:00', NULL, 0, 0, 2, 1, '2019-10-20 00:00:00', 10, 5),
	(8, 19, NULL, NULL, 26, 'Ordered', 'Test/001', NULL, NULL, NULL, 47000, '20191020', '2019-10-20 00:00:00', NULL, 0, 0, 2, 1, '2019-10-20 00:00:00', 10, 5),
	(9, 20, NULL, NULL, 34, 'Ordered', 'SO008', NULL, NULL, NULL, 70500, '20191013', '2019-10-13 00:00:00', NULL, 0, 0, 3, 1, '2019-10-20 00:00:00', 10, 5),
	(9, 21, NULL, NULL, 26, 'Ordered', 'SO008', NULL, NULL, NULL, 70500, '20191013', '2019-10-13 00:00:00', NULL, 0, 0, 3, 1, '2019-10-20 00:00:00', 10, 5),
	(10, 22, NULL, NULL, 33, 'Ordered', 'SO009', NULL, NULL, NULL, 47000, '20191006', '2019-10-06 00:00:00', NULL, 0, 0, 2, 1, '2019-10-20 00:00:00', 10, 5),
	(10, 23, NULL, NULL, 26, 'Ordered', 'SO009', NULL, NULL, NULL, 47000, '20191006', '2019-10-06 00:00:00', NULL, 0, 0, 2, 1, '2019-10-20 00:00:00', 10, 5),
	(11, 24, NULL, NULL, 33, 'Ordered', 'SO010', NULL, NULL, NULL, 70500, '20190929', '2019-09-29 00:00:00', NULL, 0, 0, 3, 1, '2019-10-20 00:00:00', 10, 5),
	(11, 25, NULL, NULL, 26, 'Ordered', 'SO010', NULL, NULL, NULL, 70500, '20190929', '2019-09-29 00:00:00', NULL, 0, 0, 3, 1, '2019-10-20 00:00:00', 10, 5),
	(12, 26, NULL, NULL, 33, 'Ordered', 'SO011', NULL, NULL, NULL, 23500, '20190922', '2019-09-22 00:00:00', NULL, 0, 0, 1, 1, '2019-10-20 00:00:00', 10, 5),
	(12, 27, NULL, NULL, 26, 'Ordered', 'SO011', NULL, NULL, NULL, 47000, '20190922', '2019-09-22 00:00:00', NULL, 0, 0, 2, 1, '2019-10-20 00:00:00', 10, 5),
	(13, 28, NULL, NULL, 33, 'Ordered', 'SO012', NULL, NULL, NULL, 23500, '20190915', '2019-09-15 00:00:00', NULL, 0, 0, 1, 1, '2019-10-20 00:00:00', 10, 5),
	(13, 29, NULL, NULL, 26, 'Ordered', 'SO012', NULL, NULL, NULL, 23500, '20190915', '2019-09-15 00:00:00', NULL, 0, 0, 1, 1, '2019-10-20 00:00:00', 10, 5),
	(14, 30, NULL, NULL, 33, 'Ordered', 'SO013', NULL, NULL, NULL, 94000, '20191013', '2019-10-13 00:00:00', NULL, 0, 0, 4, 1, '2019-10-20 00:00:00', 10, 5),
	(14, 31, NULL, NULL, 26, 'Ordered', 'SO013', NULL, NULL, NULL, 94000, '20191013', '2019-10-13 00:00:00', NULL, 0, 0, 4, 1, '2019-10-20 00:00:00', 10, 5),
	(15, 32, NULL, NULL, 33, 'Ordered', 'SO014', NULL, NULL, NULL, 94000, '20191006', '2019-10-06 00:00:00', NULL, 0, 0, 4, 1, '2019-10-20 00:00:00', 10, 5),
	(15, 33, NULL, NULL, 26, 'Ordered', 'SO014', NULL, NULL, NULL, 70500, '20191006', '2019-10-06 00:00:00', NULL, 0, 0, 3, 1, '2019-10-20 00:00:00', 10, 5),
	(16, 34, NULL, NULL, 33, 'Ordered', 'SO015', NULL, NULL, NULL, 70500, '20190929', '2019-09-29 00:00:00', NULL, 0, 0, 3, 1, '2019-10-20 00:00:00', 10, 5),
	(16, 35, NULL, NULL, 26, 'Ordered', 'SO015', NULL, NULL, NULL, 70500, '20190929', '2019-09-29 00:00:00', NULL, 0, 0, 3, 1, '2019-10-20 00:00:00', 10, 5),
	(17, 36, NULL, NULL, 33, 'Ordered', 'SO016', NULL, NULL, NULL, 47000, '20190922', '2019-09-22 00:00:00', NULL, 0, 0, 2, 1, '2019-10-20 00:00:00', 10, 5),
	(17, 37, NULL, NULL, 26, 'Ordered', 'SO016', NULL, NULL, NULL, 47000, '20190922', '2019-09-22 00:00:00', NULL, 0, 0, 2, 1, '2019-10-20 00:00:00', 10, 5),
	(18, 38, NULL, NULL, 33, 'Ordered', 'SO017', NULL, NULL, NULL, 47000, '20190915', '2019-09-15 00:00:00', NULL, 0, 0, 2, 1, '2019-10-20 00:00:00', 10, 5),
	(18, 39, NULL, NULL, 26, 'Ordered', 'SO017', NULL, NULL, NULL, 47000, '20190915', '2019-09-15 00:00:00', NULL, 0, 0, 2, 1, '2019-10-20 00:00:00', 10, 5),
	(19, 40, NULL, NULL, 33, 'Quoted', 'SO018', NULL, NULL, NULL, 70500, '20191020', '2019-09-20 00:00:00', NULL, 0, 0, 3, 1, '2019-10-20 00:00:00', 7, 1),
	(19, 41, NULL, NULL, 5, 'Quoted', 'SO018', NULL, NULL, NULL, 117500, '20191020', '2019-09-20 00:00:00', NULL, 0, 0, 5, 1, '2019-10-20 00:00:00', 7, 1),
	(19, 42, NULL, NULL, 4, 'Quoted', 'SO018', NULL, NULL, NULL, 47000, '20191020', '2019-09-20 00:00:00', NULL, 0, 0, 2, 1, '2019-10-20 00:00:00', 7, 1),
	(20, 43, NULL, NULL, 7, 'Ordered', 'SO019', NULL, NULL, NULL, 564000, '20190920', '2019-09-20 00:00:00', NULL, 0, 0, 24, 1, '2019-10-20 00:00:00', 7, 1),
	(20, 44, NULL, NULL, 8, 'Ordered', 'SO019', NULL, NULL, NULL, 705000, '20190920', '2019-09-20 00:00:00', NULL, 0, 0, 30, 1, '2019-10-20 00:00:00', 7, 1);
/*!40000 ALTER TABLE `t_f_sales` ENABLE KEYS */;

-- Volcando estructura para tabla dwh.t_l_category
CREATE TABLE IF NOT EXISTS `t_l_category` (
  `Prod_Category_id` decimal(10,0) NOT NULL,
  `Prod_Category_desc` varchar(200) DEFAULT NULL,
  PRIMARY KEY (`Prod_Category_id`)
) ENGINE=InnoDB DEFAULT CHARSET=latin1;

-- Volcando datos para la tabla dwh.t_l_category: ~6 rows (aproximadamente)
/*!40000 ALTER TABLE `t_l_category` DISABLE KEYS */;
REPLACE INTO `t_l_category` (`Prod_Category_id`, `Prod_Category_desc`) VALUES
	(1, 'All'),
	(2, 'Saleable'),
	(3, 'Internal'),
	(4, 'Services'),
	(5, 'Software'),
	(6, 'Physical');
/*!40000 ALTER TABLE `t_l_category` ENABLE KEYS */;

-- Volcando estructura para tabla dwh.t_l_currency
CREATE TABLE IF NOT EXISTS `t_l_currency` (
  `Currency_id` char(18) NOT NULL,
  `Currency_desc` char(50) DEFAULT NULL,
  PRIMARY KEY (`Currency_id`)
) ENGINE=InnoDB DEFAULT CHARSET=latin1;

-- Volcando datos para la tabla dwh.t_l_currency: ~0 rows (aproximadamente)
/*!40000 ALTER TABLE `t_l_currency` DISABLE KEYS */;
/*!40000 ALTER TABLE `t_l_currency` ENABLE KEYS */;

-- Volcando estructura para tabla dwh.t_l_customer
CREATE TABLE IF NOT EXISTS `t_l_customer` (
  `Customer_id` int(11) DEFAULT NULL,
  `Cust_Address_desc` tinytext,
  `Cust_City_desc` tinytext,
  `Cust_Country_id` int(11) DEFAULT NULL,
  `Cust_Function_desc` tinytext,
  `Cust_ZIP_Code_id` tinytext,
  `Cust_email_desc` tinytext,
  `Customer_long_desc` tinytext,
  `customer_desc` tinytext,
  KEY `idx_t_l_customer_lookup` (`Customer_id`)
) ENGINE=InnoDB DEFAULT CHARSET=latin1;

-- Volcando datos para la tabla dwh.t_l_customer: ~43 rows (aproximadamente)
/*!40000 ALTER TABLE `t_l_customer` DISABLE KEYS */;
REPLACE INTO `t_l_customer` (`Customer_id`, `Cust_Address_desc`, `Cust_City_desc`, `Cust_Country_id`, `Cust_Function_desc`, `Cust_ZIP_Code_id`, `Cust_email_desc`, `Customer_long_desc`, `customer_desc`) VALUES
	(4, NULL, NULL, NULL, NULL, NULL, NULL, 'Default User Template', 'Default User Template'),
	(5, NULL, NULL, NULL, NULL, NULL, NULL, 'Public user', 'Public user'),
	(20, '31 Hong Kong street', 'Taipei', 227, 'Software Developer', '106', NULL, 'ASUSTeK, Arthur Gomez', 'Arthur Gomez'),
	(18, '31 Hong Kong street', 'Taipei', 227, 'Electrical Supervisor', '106', NULL, 'ASUSTeK, James Miller', 'James Miller'),
	(21, '31 Hong Kong street', 'Taipei', 227, 'Technical Director', '106', NULL, 'ASUSTeK, Julia Rivero', 'Julia Rivero'),
	(22, '31 Hong Kong street', 'Taipei', 227, 'Store Manager', '106', NULL, 'ASUSTeK, Peter Mitchell', 'Peter Mitchell'),
	(26, '52 Chop Suey street', 'Shanghai', 48, 'Senior Consultant', '200000', 'david.simpson@epic.example.com', 'China Export, David Simpson', 'David Simpson'),
	(27, '52 Chop Suey street', 'Shanghai', 48, 'Director', '200000', 'john.brown@epic.example.com', 'China Export, John M. Brown', 'John M. Brown'),
	(37, '93, Press Avenue', 'Le Bourget du Lac', 75, 'Business Executive', '73377', 'benjamin.flores@nebula.example.com', 'Camptocamp, Benjamin Flores', 'Benjamin Flores'),
	(30, '93, Press Avenue', 'Le Bourget du Lac', 75, 'Creative Director', '73377', 'phillipp.miller@mediapole.example.com', 'Camptocamp, Phillipp Miller', 'Phillipp Miller'),
	(31, '93, Press Avenue', 'Le Bourget du Lac', 75, 'Director', '73377', 'ayaan.agarwal@bestdesigners.example.com', 'Camptocamp, Ayaan Agarwal', 'Ayaan Agarwal'),
	(32, '3203 Lamberts Branch Road', 'Miami', 233, 'Managing Partner', '33169', 'daniel.jackson@jackson.example.com', 'The Jackson Group, Daniel Jackson', 'Daniel Jackson'),
	(33, '3203 Lamberts Branch Road', 'Miami', 233, 'Senior Consultant', '33169', 'william.jackson@jackson.example.com', 'The Jackson Group, William Thomas', 'William Thomas'),
	(36, '52 Chop Suey street', 'Shanghai', 48, 'Order Clerk', '200000', 'jacob.taylor@millennium.example.com', 'China Export, Jacob Taylor', 'Jacob Taylor'),
	(38, '89 Lingfield Tower', 'London', 231, 'Functional Consultant', NULL, 'lucas.jones@thinkbig.example.com', 'Think Big Systems, Lucas Jones', 'Lucas Jones'),
	(7, 'Rue Cesar de Paepe, 43', 'Vivegnis', 20, NULL, '4683', 'demo.portal@yourcompany.example.com', 'YourCompany, Demo Portal User', 'Demo Portal User'),
	(10, '52 Chop Suey street', 'Shanghai', 48, NULL, '200000', 'chinaexport@yourcompany.example.com', 'China Export', 'China Export'),
	(12, '3203 Lamberts Branch Road', 'Miami', 233, NULL, '33169', 'jackson@yourcompany.example.com', 'The Jackson Group', 'The Jackson Group'),
	(9, '69 rue de Namur', 'Wavre', 20, NULL, '1300', 'agrolait@yourcompany.example.com', 'Agrolait', 'Agrolait'),
	(13, '93, Press Avenue', 'Le Bourget du Lac', 75, NULL, '73377', 'camptocamp@yourcompany.example.com', 'Camptocamp', 'Camptocamp'),
	(11, '3661 Station Street', 'Fremont', 233, NULL, '94538', 'deltapc@yourcompany.example.com', 'Delta PC', 'Delta PC'),
	(14, '89 Lingfield Tower', 'London', 231, NULL, NULL, 'thinkbig@yourcompany.example.com', 'Think Big Systems', 'Think Big Systems'),
	(44, NULL, NULL, NULL, NULL, NULL, NULL, 'Portal User Template', 'Portal User Template'),
	(19, '69 rue de Namur', 'Wavre', 20, 'Sales Representative', '1300', 'efoster@seagate.com', 'Agrolait, Edward Foster', 'Edward Foster'),
	(28, '3661 Station Street', 'Fremont', 233, 'Senior Associate', '94538', 'charlie.bernard@wealthyandsons.example.com', 'Delta PC, Charlie Bernard', 'Charlie Bernard'),
	(29, '3661 Station Street', 'Fremont', 233, 'Analyst', '94538', 'jessica.dupont@wealthyandsons.example.com', 'Delta PC, Jessica Dupont', 'Jessica Dupont'),
	(41, '3661 Station Street', 'Fremont', 233, 'Knowledge Manager', '94538', 'kevin.clarke@globalsolutions.example.com', 'Delta PC, Kevin Clarke', 'Kevin Clarke'),
	(40, '3661 Station Street', 'Fremont', 233, 'Financial Manager', '94538', 'morgan.rose@globalsolutions.example.com', 'Delta PC, Morgan Rose', 'Morgan Rose'),
	(17, '3661 Station Street', 'Fremont', 233, 'Production Supervisor', '94538', 'richard.ellis@deltapc.example.com', 'Delta PC, Richard Ellis', 'Richard Ellis'),
	(35, '3661 Station Street', 'Fremont', 233, 'System Analyst', '94538', 'robert.anderson@chamberworks.example.com', 'Delta PC, Robert Anderson', 'Robert Anderson'),
	(39, '3661 Station Street', 'Fremont', 233, 'Sales Manager', '94538', 'robin.smith@globalsolutions.example.com', 'Delta PC, Robin Smith', 'Robin Smith'),
	(42, '1725 Slough Ave.', 'Scranton', 68, 'Chief Executive Officer (CEO)', '18540', 'mark.davis@yourcompany.example.com', 'YourCompany, Mark Davis', 'Mark Davis'),
	(43, '1725 Slough Ave.', 'Scranton', 68, 'Chief Operations Officer (COO)', '18540', 'roger.scott@yourcompany.example.com', 'YourCompany, Roger Scott', 'Roger Scott'),
	(1, '1725 Slough Ave.', 'Scranton', 68, NULL, '18540', 'info@yourcompany.example.com', 'YourCompany', 'YourCompany'),
	(23, '69 rue de Namur', 'Wavre', 20, 'Functional Consultant', '1300', 'thomas.passot@agrolait.example.com', 'Agrolait, Thomas Passot', 'Thomas Passot'),
	(8, '31 Hong Kong street', 'Taipei', 227, NULL, '106', 'asusteK@yourcompany.example.com', 'ASUSTeK', 'ASUSTeK'),
	(3, '215 Vine St', 'Scranton', 233, NULL, '18503', 'omarperezznakar@gmail.com', 'YourCompany, Administrator', 'Administrator'),
	(6, 'Avenue des Dessus-de-Lives, 2', 'Namur (Loyers)', 20, NULL, '5101', 'demo@yourcompany.example.com', 'YourCompany, Demo User', 'Demo User'),
	(34, '69 rue de Namur', 'Wavre', 20, 'Director', '1300', 'laith.jubair@axelor.example.com', 'Agrolait, Laith Jubair', 'Laith Jubair'),
	(15, '31 Hong Kong street', 'Taipei', 227, 'Service Manager', '106', 'tang@asustek.com', 'ASUSTeK, Tang Tsui', 'Tang Tsui'),
	(25, '52 Chop Suey street', 'Shanghai', 48, 'Marketing Manager', '200000', 'chao.wang@chinaexport.example.com', 'China Export, Chao Wang', 'Chao Wang'),
	(24, '69 rue de Namur', 'Wavre', 20, 'Analyst', '1300', 'michel.fletcher@agrolait.example.com', 'Agrolait, Michel Fletcher', 'Michel Fletcher'),
	(16, '31 Hong Kong street', 'Taipei', 227, 'Store Manager', '106', 'joseph.walters@asustek.com', 'ASUSTeK, Joseph Walters', 'Joseph Walters');
/*!40000 ALTER TABLE `t_l_customer` ENABLE KEYS */;

-- Volcando estructura para tabla dwh.t_l_cust_country
CREATE TABLE IF NOT EXISTS `t_l_cust_country` (
  `Cust_Country_desc` varchar(200) DEFAULT NULL,
  `Customer_id` decimal(10,0) NOT NULL,
  `Cust_Currency_id` decimal(10,0) DEFAULT NULL,
  `Cust_Phone_code_id` decimal(10,0) DEFAULT NULL,
  `Cust_Country_id` decimal(10,0) NOT NULL,
  PRIMARY KEY (`Customer_id`)
) ENGINE=InnoDB DEFAULT CHARSET=latin1;

-- Volcando datos para la tabla dwh.t_l_cust_country: ~40 rows (aproximadamente)
/*!40000 ALTER TABLE `t_l_cust_country` DISABLE KEYS */;
REPLACE INTO `t_l_cust_country` (`Cust_Country_desc`, `Customer_id`, `Cust_Currency_id`, `Cust_Phone_code_id`, `Cust_Country_id`) VALUES
	('Spain', 1, 1, 34, 68),
	('United States', 3, 3, 1, 233),
	('Belgium', 6, 1, 32, 20),
	('Belgium', 7, 1, 32, 20),
	('Taiwan', 8, 140, 886, 227),
	('Belgium', 9, 1, 32, 20),
	('China', 10, 8, 86, 48),
	('United States', 11, 3, 1, 233),
	('United States', 12, 3, 1, 233),
	('France', 13, 1, 33, 75),
	('United Kingdom', 14, 148, 0, 231),
	('Taiwan', 15, 140, 886, 227),
	('Taiwan', 16, 140, 886, 227),
	('United States', 17, 3, 1, 233),
	('Taiwan', 18, 140, 886, 227),
	('Belgium', 19, 1, 32, 20),
	('Taiwan', 20, 140, 886, 227),
	('Taiwan', 21, 140, 886, 227),
	('Taiwan', 22, 140, 886, 227),
	('Belgium', 23, 1, 32, 20),
	('Belgium', 24, 1, 32, 20),
	('China', 25, 8, 86, 48),
	('China', 26, 8, 86, 48),
	('China', 27, 8, 86, 48),
	('United States', 28, 3, 1, 233),
	('United States', 29, 3, 1, 233),
	('France', 30, 1, 33, 75),
	('France', 31, 1, 33, 75),
	('United States', 32, 3, 1, 233),
	('United States', 33, 3, 1, 233),
	('Belgium', 34, 1, 32, 20),
	('United States', 35, 3, 1, 233),
	('China', 36, 8, 86, 48),
	('France', 37, 1, 33, 75),
	('United Kingdom', 38, 148, 0, 231),
	('United States', 39, 3, 1, 233),
	('United States', 40, 3, 1, 233),
	('United States', 41, 3, 1, 233),
	('Spain', 42, 1, 34, 68),
	('Spain', 43, 1, 34, 68);
/*!40000 ALTER TABLE `t_l_cust_country` ENABLE KEYS */;

-- Volcando estructura para tabla dwh.t_l_employee
CREATE TABLE IF NOT EXISTS `t_l_employee` (
  `Employee_desc` varchar(200) DEFAULT NULL,
  `Emp_Address_desc` varchar(200) DEFAULT NULL,
  `Emp_City_desc` varchar(200) DEFAULT NULL,
  `Emp_ZIP_Code_id` varchar(200) DEFAULT NULL,
  `Emp_email_desc` varchar(200) DEFAULT NULL,
  `Employee_long_desc` varchar(200) DEFAULT NULL,
  `Employee_id` decimal(10,0) NOT NULL,
  `Emp_Department_id` decimal(10,0) NOT NULL,
  `Emp_Level_id` decimal(10,0) NOT NULL,
  PRIMARY KEY (`Employee_id`)
) ENGINE=InnoDB DEFAULT CHARSET=latin1;

-- Volcando datos para la tabla dwh.t_l_employee: ~17 rows (aproximadamente)
/*!40000 ALTER TABLE `t_l_employee` DISABLE KEYS */;
REPLACE INTO `t_l_employee` (`Employee_desc`, `Emp_Address_desc`, `Emp_City_desc`, `Emp_ZIP_Code_id`, `Emp_email_desc`, `Employee_long_desc`, `Employee_id`, `Emp_Department_id`, `Emp_Level_id`) VALUES
	('Pieter Parker', 'Building 1, Second Floor', NULL, NULL, 'pieter@odoo.com', NULL, 1, 3, 1),
	('Antoine Langlais', 'Building 1, Second Floor', NULL, NULL, 'antoine@odoo.com', NULL, 2, 4, 2),
	('John Smith', 'Building 1, Second Floor', NULL, NULL, 'john@odoo.com', NULL, 3, 4, 4),
	('Michael Hawkins', 'Building 1, Second Floor', NULL, NULL, 'michael@odoo.com', NULL, 4, 4, 4),
	('Liam Nelson', 'Building 1, Second Floor', NULL, NULL, 'liam@odoo.com', NULL, 5, 4, 4),
	('David Samson', 'Building 1, Second Floor', NULL, NULL, 'david@odoo.com', NULL, 6, 4, 4),
	('Demo User', 'Building 1, Second Floor', NULL, NULL, 'demo@yourcompany.example.com', NULL, 7, 4, 4),
	('Jack Macklin', 'Building 1, Second Floor', NULL, NULL, 'jack@odoo.com', NULL, 8, 4, 4),
	('Martin Lawrence', 'Building 1, Second Floor', NULL, NULL, 'martin@odoo.com', NULL, 9, 5, 3),
	('Jimmy Kosikin', 'Building 1, Second Floor', NULL, NULL, 'jimmy@odoo.com', NULL, 10, 5, 3),
	('Famke Jenssens', 'Building 1, Second Floor', NULL, NULL, 'famke@odoo.com', NULL, 11, 2, 6),
	('Ashley Presley', 'Building 1, Second Floor', NULL, NULL, 'ashley@odoo.com', NULL, 12, 1, 5),
	('Jan Van Eyck', 'Building 1, Second Floor', NULL, NULL, 'jve@odoo.com', NULL, 14, 4, 4),
	('Jean-Pierre Carnaud', 'Building 1, Second Floor', NULL, NULL, 'jep@odoo.com', NULL, 15, 5, 3),
	('John Doe', 'Building 1, Second Floor', NULL, NULL, 'jod@odoo.com', NULL, 16, 2, 6),
	('João Gomer', 'Building 1, Second Floor', NULL, NULL, 'jog@odoo.com', NULL, 17, 4, 4),
	('Luigi Rondi', 'Building 1, Second Floor', NULL, NULL, 'lur@odoo.com', NULL, 19, 2, 6);
/*!40000 ALTER TABLE `t_l_employee` ENABLE KEYS */;

-- Volcando estructura para tabla dwh.t_l_emp_department
CREATE TABLE IF NOT EXISTS `t_l_emp_department` (
  `Emp_Department_desc` varchar(200) DEFAULT NULL,
  `Emp_Department_id` decimal(10,0) NOT NULL,
  PRIMARY KEY (`Emp_Department_id`)
) ENGINE=InnoDB DEFAULT CHARSET=latin1;

-- Volcando datos para la tabla dwh.t_l_emp_department: ~5 rows (aproximadamente)
/*!40000 ALTER TABLE `t_l_emp_department` DISABLE KEYS */;
REPLACE INTO `t_l_emp_department` (`Emp_Department_desc`, `Emp_Department_id`) VALUES
	('Administration', 1),
	('Sales', 2),
	('Management', 3),
	('Research & Development', 4),
	('Professional Services', 5);
/*!40000 ALTER TABLE `t_l_emp_department` ENABLE KEYS */;

-- Volcando estructura para tabla dwh.t_l_emp_level
CREATE TABLE IF NOT EXISTS `t_l_emp_level` (
  `Emp_Level_desc` varchar(200) DEFAULT NULL,
  `Emp_Level_id` decimal(10,0) NOT NULL,
  PRIMARY KEY (`Emp_Level_id`)
) ENGINE=InnoDB DEFAULT CHARSET=latin1;

-- Volcando datos para la tabla dwh.t_l_emp_level: ~7 rows (aproximadamente)
/*!40000 ALTER TABLE `t_l_emp_level` DISABLE KEYS */;
REPLACE INTO `t_l_emp_level` (`Emp_Level_desc`, `Emp_Level_id`) VALUES
	('Chief Executive Officer', 1),
	('Chief Technical Officer', 2),
	('Consultant', 3),
	('Experienced Developer', 4),
	('Human Resources Manager', 5),
	('Marketing and Community Manager', 6),
	('Trainee', 7);
/*!40000 ALTER TABLE `t_l_emp_level` ENABLE KEYS */;

-- Volcando estructura para tabla dwh.t_l_month
CREATE TABLE IF NOT EXISTS `t_l_month` (
  `Month_id` int(11) DEFAULT NULL,
  `Month_Long_desc` tinytext,
  `Month_Short_desc` tinytext
) ENGINE=InnoDB DEFAULT CHARSET=latin1;

-- Volcando datos para la tabla dwh.t_l_month: ~120 rows (aproximadamente)
/*!40000 ALTER TABLE `t_l_month` DISABLE KEYS */;
REPLACE INTO `t_l_month` (`Month_id`, `Month_Long_desc`, `Month_Short_desc`) VALUES
	(1, 'January 2016', 'Jan 2016'),
	(2, 'February 2016', 'Feb 2016'),
	(3, 'March 2016', 'Mar 2016'),
	(4, 'April 2016', 'Apr 2016'),
	(5, 'May 2016', 'May 2016'),
	(6, 'June 2016', 'Jun 2016'),
	(7, 'July 2016', 'Jul 2016'),
	(8, 'August 2016', 'Aug 2016'),
	(9, 'September 2016', 'Sep 2016'),
	(10, 'October 2016', 'Oct 2016'),
	(11, 'November 2016', 'Nov 2016'),
	(12, 'December 2016', 'Dec 2016'),
	(1, 'January 2017', 'Jan 2017'),
	(2, 'February 2017', 'Feb 2017'),
	(3, 'March 2017', 'Mar 2017'),
	(4, 'April 2017', 'Apr 2017'),
	(5, 'May 2017', 'May 2017'),
	(6, 'June 2017', 'Jun 2017'),
	(7, 'July 2017', 'Jul 2017'),
	(8, 'August 2017', 'Aug 2017'),
	(9, 'September 2017', 'Sep 2017'),
	(10, 'October 2017', 'Oct 2017'),
	(11, 'November 2017', 'Nov 2017'),
	(12, 'December 2017', 'Dec 2017'),
	(1, 'January 2018', 'Jan 2018'),
	(2, 'February 2018', 'Feb 2018'),
	(3, 'March 2018', 'Mar 2018'),
	(4, 'April 2018', 'Apr 2018'),
	(5, 'May 2018', 'May 2018'),
	(6, 'June 2018', 'Jun 2018'),
	(7, 'July 2018', 'Jul 2018'),
	(8, 'August 2018', 'Aug 2018'),
	(9, 'September 2018', 'Sep 2018'),
	(10, 'October 2018', 'Oct 2018'),
	(11, 'November 2018', 'Nov 2018'),
	(12, 'December 2018', 'Dec 2018'),
	(1, 'January 2019', 'Jan 2019'),
	(2, 'February 2019', 'Feb 2019'),
	(3, 'March 2019', 'Mar 2019'),
	(4, 'April 2019', 'Apr 2019'),
	(5, 'May 2019', 'May 2019'),
	(6, 'June 2019', 'Jun 2019'),
	(7, 'July 2019', 'Jul 2019'),
	(8, 'August 2019', 'Aug 2019'),
	(9, 'September 2019', 'Sep 2019'),
	(10, 'October 2019', 'Oct 2019'),
	(11, 'November 2019', 'Nov 2019'),
	(12, 'December 2019', 'Dec 2019'),
	(1, 'January 2020', 'Jan 2020'),
	(2, 'February 2020', 'Feb 2020'),
	(3, 'March 2020', 'Mar 2020'),
	(4, 'April 2020', 'Apr 2020'),
	(5, 'May 2020', 'May 2020'),
	(6, 'June 2020', 'Jun 2020'),
	(7, 'July 2020', 'Jul 2020'),
	(8, 'August 2020', 'Aug 2020'),
	(9, 'September 2020', 'Sep 2020'),
	(10, 'October 2020', 'Oct 2020'),
	(11, 'November 2020', 'Nov 2020'),
	(12, 'December 2020', 'Dec 2020'),
	(1, 'January 2021', 'Jan 2021'),
	(2, 'February 2021', 'Feb 2021'),
	(3, 'March 2021', 'Mar 2021'),
	(4, 'April 2021', 'Apr 2021'),
	(5, 'May 2021', 'May 2021'),
	(6, 'June 2021', 'Jun 2021'),
	(7, 'July 2021', 'Jul 2021'),
	(8, 'August 2021', 'Aug 2021'),
	(9, 'September 2021', 'Sep 2021'),
	(10, 'October 2021', 'Oct 2021'),
	(11, 'November 2021', 'Nov 2021'),
	(12, 'December 2021', 'Dec 2021'),
	(1, 'January 2022', 'Jan 2022'),
	(2, 'February 2022', 'Feb 2022'),
	(3, 'March 2022', 'Mar 2022'),
	(4, 'April 2022', 'Apr 2022'),
	(5, 'May 2022', 'May 2022'),
	(6, 'June 2022', 'Jun 2022'),
	(7, 'July 2022', 'Jul 2022'),
	(8, 'August 2022', 'Aug 2022'),
	(9, 'September 2022', 'Sep 2022'),
	(10, 'October 2022', 'Oct 2022'),
	(11, 'November 2022', 'Nov 2022'),
	(12, 'December 2022', 'Dec 2022'),
	(1, 'January 2023', 'Jan 2023'),
	(2, 'February 2023', 'Feb 2023'),
	(3, 'March 2023', 'Mar 2023'),
	(4, 'April 2023', 'Apr 2023'),
	(5, 'May 2023', 'May 2023'),
	(6, 'June 2023', 'Jun 2023'),
	(7, 'July 2023', 'Jul 2023'),
	(8, 'August 2023', 'Aug 2023'),
	(9, 'September 2023', 'Sep 2023'),
	(10, 'October 2023', 'Oct 2023'),
	(11, 'November 2023', 'Nov 2023'),
	(12, 'December 2023', 'Dec 2023'),
	(1, 'January 2024', 'Jan 2024'),
	(2, 'February 2024', 'Feb 2024'),
	(3, 'March 2024', 'Mar 2024'),
	(4, 'April 2024', 'Apr 2024'),
	(5, 'May 2024', 'May 2024'),
	(6, 'June 2024', 'Jun 2024'),
	(7, 'July 2024', 'Jul 2024'),
	(8, 'August 2024', 'Aug 2024'),
	(9, 'September 2024', 'Sep 2024'),
	(10, 'October 2024', 'Oct 2024'),
	(11, 'November 2024', 'Nov 2024'),
	(12, 'December 2024', 'Dec 2024'),
	(1, 'January 2025', 'Jan 2025'),
	(2, 'February 2025', 'Feb 2025'),
	(3, 'March 2025', 'Mar 2025'),
	(4, 'April 2025', 'Apr 2025'),
	(5, 'May 2025', 'May 2025'),
	(6, 'June 2025', 'Jun 2025'),
	(7, 'July 2025', 'Jul 2025'),
	(8, 'August 2025', 'Aug 2025'),
	(9, 'September 2025', 'Sep 2025'),
	(10, 'October 2025', 'Oct 2025'),
	(11, 'November 2025', 'Nov 2025'),
	(12, 'December 2025', 'Dec 2025');
/*!40000 ALTER TABLE `t_l_month` ENABLE KEYS */;

-- Volcando estructura para tabla dwh.t_l_parent_category
CREATE TABLE IF NOT EXISTS `t_l_parent_category` (
  `Parent_Category_id` decimal(10,0) NOT NULL,
  `Parent_Category_desc` varchar(200) DEFAULT NULL,
  PRIMARY KEY (`Parent_Category_id`)
) ENGINE=InnoDB DEFAULT CHARSET=latin1;

-- Volcando datos para la tabla dwh.t_l_parent_category: ~6 rows (aproximadamente)
/*!40000 ALTER TABLE `t_l_parent_category` DISABLE KEYS */;
REPLACE INTO `t_l_parent_category` (`Parent_Category_id`, `Parent_Category_desc`) VALUES
	(1, 'All'),
	(2, 'Saleable'),
	(3, 'Internal'),
	(4, 'Services'),
	(5, 'Software'),
	(6, 'Physical');
/*!40000 ALTER TABLE `t_l_parent_category` ENABLE KEYS */;

-- Volcando estructura para tabla dwh.t_l_product
CREATE TABLE IF NOT EXISTS `t_l_product` (
  `Product_id` decimal(10,0) NOT NULL,
  `Product_desc` varchar(200) DEFAULT NULL,
  `Product_Code_id` varchar(200) DEFAULT NULL,
  `Product_Long_desc` varchar(200) DEFAULT NULL,
  `Prod_Category_id` decimal(10,0) NOT NULL,
  `Product_Type_id` varchar(200) DEFAULT NULL,
  `Price_num` decimal(10,0) DEFAULT NULL,
  `Prod_Status_desc` char(18) DEFAULT NULL,
  `Parent_Category_id` decimal(10,0) NOT NULL,
  PRIMARY KEY (`Product_id`)
) ENGINE=InnoDB DEFAULT CHARSET=latin1;

-- Volcando datos para la tabla dwh.t_l_product: ~28 rows (aproximadamente)
/*!40000 ALTER TABLE `t_l_product` DISABLE KEYS */;
REPLACE INTO `t_l_product` (`Product_id`, `Product_desc`, `Product_Code_id`, `Product_Long_desc`, `Prod_Category_id`, `Product_Type_id`, `Price_num`, `Prod_Status_desc`, `Parent_Category_id`) VALUES
	(1, 'SERV_ORDER', 'SERV_ORDER', 'Silver Membership', 2, 'service', 80, 'Y', 2),
	(2, 'SERV_DEL', 'SERV_DEL', 'Basic Computer', 6, 'consu', 23500, 'Y', 6),
	(3, 'SERV_COST', 'SERV_COST', 'Basic Computer', 6, 'consu', 23500, 'Y', 6),
	(4, 'PROD_DEL', 'PROD_DEL', 'Basic Computer', 6, 'consu', 23500, 'Y', 6),
	(7, NULL, NULL, 'Basic Computer', 6, 'consu', 23500, 'Y', 6),
	(8, NULL, NULL, 'Basic Computer', 6, 'consu', 23500, 'Y', 6),
	(9, 'PCSC234', 'PCSC234', 'Basic Computer', 6, 'consu', 23500, 'Y', 6),
	(10, 'E-COM01', 'E-COM01', 'Basic Computer', 6, 'consu', 23500, 'Y', 6),
	(11, 'E-COM02', 'E-COM02', 'Basic Computer', 6, 'consu', 23500, 'Y', 6),
	(12, 'E-COM03', 'E-COM03', 'Basic Computer', 6, 'consu', 23500, 'Y', 6),
	(13, 'E-COM04', 'E-COM04', 'Basic Computer', 6, 'consu', 23500, 'Y', 6),
	(14, 'E-COM05', 'E-COM05', 'Basic Computer', 6, 'consu', 23500, 'Y', 6),
	(15, 'E-COM06', 'E-COM06', 'Basic Computer', 6, 'consu', 23500, 'Y', 6),
	(16, NULL, NULL, 'Basic Computer', 6, 'consu', 23500, 'Y', 6),
	(17, 'E-COM07', 'E-COM07', 'Basic Computer', 6, 'consu', 23500, 'Y', 6),
	(18, NULL, NULL, 'Basic Computer', 6, 'consu', 23500, 'Y', 6),
	(19, 'E-COM08', 'E-COM08', 'Basic Computer', 6, 'consu', 23500, 'Y', 6),
	(20, 'E-COM09', 'E-COM09', 'Basic Computer', 6, 'consu', 23500, 'Y', 6),
	(21, 'E-COM10', 'E-COM10', 'Basic Computer', 6, 'consu', 23500, 'Y', 6),
	(22, 'E-COM11', 'E-COM11', 'Basic Computer', 6, 'consu', 23500, 'Y', 6),
	(23, 'E-COM12', 'E-COM12', 'Basic Computer', 6, 'consu', 23500, 'Y', 6),
	(24, 'E-COM13', 'E-COM13', 'Basic Computer', 6, 'consu', 23500, 'Y', 6),
	(25, NULL, NULL, 'Basic Computer', 6, 'consu', 23500, 'Y', 6),
	(26, 'M-Wir', 'M-Wir', 'Basic Computer', 6, 'consu', 23500, 'Y', 6),
	(35, 'CONS_DEL03', 'CONS_DEL03', 'Basic Computer', 6, 'consu', 23500, 'Y', 6),
	(36, 'CONS_DEL02', 'CONS_DEL02', 'Basic Computer', 6, 'consu', 23500, 'Y', 6),
	(37, 'CONS_DEL01', 'CONS_DEL01', 'Basic Computer', 6, 'consu', 23500, 'Y', 6),
	(41, NULL, NULL, 'Basic Computer', 6, 'consu', 23500, 'Y', 6);
/*!40000 ALTER TABLE `t_l_product` ENABLE KEYS */;

-- Volcando estructura para tabla dwh.t_l_quarter
CREATE TABLE IF NOT EXISTS `t_l_quarter` (
  `Quarter_id` int(11) DEFAULT NULL,
  `QuarterDesc` tinytext
) ENGINE=InnoDB DEFAULT CHARSET=latin1;

-- Volcando datos para la tabla dwh.t_l_quarter: ~40 rows (aproximadamente)
/*!40000 ALTER TABLE `t_l_quarter` DISABLE KEYS */;
REPLACE INTO `t_l_quarter` (`Quarter_id`, `QuarterDesc`) VALUES
	(1, '2016Q1'),
	(2, '2016Q2'),
	(3, '2016Q3'),
	(4, '2016Q4'),
	(1, '2017Q1'),
	(2, '2017Q2'),
	(3, '2017Q3'),
	(4, '2017Q4'),
	(1, '2018Q1'),
	(2, '2018Q2'),
	(3, '2018Q3'),
	(4, '2018Q4'),
	(1, '2019Q1'),
	(2, '2019Q2'),
	(3, '2019Q3'),
	(4, '2019Q4'),
	(1, '2020Q1'),
	(2, '2020Q2'),
	(3, '2020Q3'),
	(4, '2020Q4'),
	(1, '2021Q1'),
	(2, '2021Q2'),
	(3, '2021Q3'),
	(4, '2021Q4'),
	(1, '2022Q1'),
	(2, '2022Q2'),
	(3, '2022Q3'),
	(4, '2022Q4'),
	(1, '2023Q1'),
	(2, '2023Q2'),
	(3, '2023Q3'),
	(4, '2023Q4'),
	(1, '2024Q1'),
	(2, '2024Q2'),
	(3, '2024Q3'),
	(4, '2024Q4'),
	(1, '2025Q1'),
	(2, '2025Q2'),
	(3, '2025Q3'),
	(4, '2025Q4');
/*!40000 ALTER TABLE `t_l_quarter` ENABLE KEYS */;

-- Volcando estructura para tabla dwh.t_l_status
CREATE TABLE IF NOT EXISTS `t_l_status` (
  `Status_id` decimal(10,0) NOT NULL,
  `Status_desc` varchar(200) DEFAULT NULL,
  PRIMARY KEY (`Status_id`)
) ENGINE=InnoDB DEFAULT CHARSET=latin1;

-- Volcando datos para la tabla dwh.t_l_status: ~0 rows (aproximadamente)
/*!40000 ALTER TABLE `t_l_status` DISABLE KEYS */;
/*!40000 ALTER TABLE `t_l_status` ENABLE KEYS */;

-- Volcando estructura para tabla dwh.t_l_year
CREATE TABLE IF NOT EXISTS `t_l_year` (
  `Year_id` int(11) DEFAULT NULL
) ENGINE=InnoDB DEFAULT CHARSET=latin1;

-- Volcando datos para la tabla dwh.t_l_year: ~10 rows (aproximadamente)
/*!40000 ALTER TABLE `t_l_year` DISABLE KEYS */;
REPLACE INTO `t_l_year` (`Year_id`) VALUES
	(2016),
	(2017),
	(2018),
	(2019),
	(2020),
	(2021),
	(2022),
	(2023),
	(2024),
	(2025);
/*!40000 ALTER TABLE `t_l_year` ENABLE KEYS */;

-- Volcando estructura para tabla dwh.t_r_time
CREATE TABLE IF NOT EXISTS `t_r_time` (
  `Day_id` datetime DEFAULT NULL,
  `Month_id` int(11) DEFAULT NULL,
  `Quarter_id` int(11) DEFAULT NULL,
  `Semester_id` int(11) DEFAULT NULL,
  `Year_id` int(11) DEFAULT NULL
) ENGINE=InnoDB DEFAULT CHARSET=latin1;

-- Volcando datos para la tabla dwh.t_r_time: ~1.000 rows (aproximadamente)
/*!40000 ALTER TABLE `t_r_time` DISABLE KEYS */;
REPLACE INTO `t_r_time` (`Day_id`, `Month_id`, `Quarter_id`, `Semester_id`, `Year_id`) VALUES
	('2016-01-01 00:00:00', 1, 1, NULL, 2016),
	('2016-01-02 00:00:00', 1, 1, NULL, 2016),
	('2016-01-03 00:00:00', 1, 1, NULL, 2016),
	('2016-01-04 00:00:00', 1, 1, NULL, 2016),
	('2016-01-05 00:00:00', 1, 1, NULL, 2016),
	('2016-01-06 00:00:00', 1, 1, NULL, 2016),
	('2016-01-07 00:00:00', 1, 1, NULL, 2016),
	('2016-01-08 00:00:00', 1, 1, NULL, 2016),
	('2016-01-09 00:00:00', 1, 1, NULL, 2016),
	('2016-01-10 00:00:00', 1, 1, NULL, 2016),
	('2016-01-11 00:00:00', 1, 1, NULL, 2016),
	('2016-01-12 00:00:00', 1, 1, NULL, 2016),
	('2016-01-13 00:00:00', 1, 1, NULL, 2016),
	('2016-01-14 00:00:00', 1, 1, NULL, 2016),
	('2016-01-15 00:00:00', 1, 1, NULL, 2016),
	('2016-01-16 00:00:00', 1, 1, NULL, 2016),
	('2016-01-17 00:00:00', 1, 1, NULL, 2016),
	('2016-01-18 00:00:00', 1, 1, NULL, 2016),
	('2016-01-19 00:00:00', 1, 1, NULL, 2016),
	('2016-01-20 00:00:00', 1, 1, NULL, 2016),
	('2016-01-21 00:00:00', 1, 1, NULL, 2016),
	('2016-01-22 00:00:00', 1, 1, NULL, 2016),
	('2016-01-23 00:00:00', 1, 1, NULL, 2016),
	('2016-01-24 00:00:00', 1, 1, NULL, 2016),
	('2016-01-25 00:00:00', 1, 1, NULL, 2016),
	('2016-01-26 00:00:00', 1, 1, NULL, 2016),
	('2016-01-27 00:00:00', 1, 1, NULL, 2016),
	('2016-01-28 00:00:00', 1, 1, NULL, 2016),
	('2016-01-29 00:00:00', 1, 1, NULL, 2016),
	('2016-01-30 00:00:00', 1, 1, NULL, 2016),
	('2016-01-31 00:00:00', 1, 1, NULL, 2016),
	('2016-02-01 00:00:00', 2, 1, NULL, 2016),
	('2016-02-02 00:00:00', 2, 1, NULL, 2016),
	('2016-02-03 00:00:00', 2, 1, NULL, 2016),
	('2016-02-04 00:00:00', 2, 1, NULL, 2016),
	('2016-02-05 00:00:00', 2, 1, NULL, 2016),
	('2016-02-06 00:00:00', 2, 1, NULL, 2016),
	('2016-02-07 00:00:00', 2, 1, NULL, 2016),
	('2016-02-08 00:00:00', 2, 1, NULL, 2016),
	('2016-02-09 00:00:00', 2, 1, NULL, 2016),
	('2016-02-10 00:00:00', 2, 1, NULL, 2016),
	('2016-02-11 00:00:00', 2, 1, NULL, 2016),
	('2016-02-12 00:00:00', 2, 1, NULL, 2016),
	('2016-02-13 00:00:00', 2, 1, NULL, 2016),
	('2016-02-14 00:00:00', 2, 1, NULL, 2016),
	('2016-02-15 00:00:00', 2, 1, NULL, 2016),
	('2016-02-16 00:00:00', 2, 1, NULL, 2016),
	('2016-02-17 00:00:00', 2, 1, NULL, 2016),
	('2016-02-18 00:00:00', 2, 1, NULL, 2016),
	('2016-02-19 00:00:00', 2, 1, NULL, 2016),
	('2016-02-20 00:00:00', 2, 1, NULL, 2016),
	('2016-02-21 00:00:00', 2, 1, NULL, 2016),
	('2016-02-22 00:00:00', 2, 1, NULL, 2016),
	('2016-02-23 00:00:00', 2, 1, NULL, 2016),
	('2016-02-24 00:00:00', 2, 1, NULL, 2016),
	('2016-02-25 00:00:00', 2, 1, NULL, 2016),
	('2016-02-26 00:00:00', 2, 1, NULL, 2016),
	('2016-02-27 00:00:00', 2, 1, NULL, 2016),
	('2016-02-28 00:00:00', 2, 1, NULL, 2016),
	('2016-02-29 00:00:00', 2, 1, NULL, 2016),
	('2016-03-01 00:00:00', 3, 1, NULL, 2016),
	('2016-03-02 00:00:00', 3, 1, NULL, 2016),
	('2016-03-03 00:00:00', 3, 1, NULL, 2016),
	('2016-03-04 00:00:00', 3, 1, NULL, 2016),
	('2016-03-05 00:00:00', 3, 1, NULL, 2016),
	('2016-03-06 00:00:00', 3, 1, NULL, 2016),
	('2016-03-07 00:00:00', 3, 1, NULL, 2016),
	('2016-03-08 00:00:00', 3, 1, NULL, 2016),
	('2016-03-09 00:00:00', 3, 1, NULL, 2016),
	('2016-03-10 00:00:00', 3, 1, NULL, 2016),
	('2016-03-11 00:00:00', 3, 1, NULL, 2016),
	('2016-03-12 00:00:00', 3, 1, NULL, 2016),
	('2016-03-13 00:00:00', 3, 1, NULL, 2016),
	('2016-03-14 00:00:00', 3, 1, NULL, 2016),
	('2016-03-15 00:00:00', 3, 1, NULL, 2016),
	('2016-03-16 00:00:00', 3, 1, NULL, 2016),
	('2016-03-17 00:00:00', 3, 1, NULL, 2016),
	('2016-03-18 00:00:00', 3, 1, NULL, 2016),
	('2016-03-19 00:00:00', 3, 1, NULL, 2016),
	('2016-03-20 00:00:00', 3, 1, NULL, 2016),
	('2016-03-21 00:00:00', 3, 1, NULL, 2016),
	('2016-03-22 00:00:00', 3, 1, NULL, 2016),
	('2016-03-23 00:00:00', 3, 1, NULL, 2016),
	('2016-03-24 00:00:00', 3, 1, NULL, 2016),
	('2016-03-25 00:00:00', 3, 1, NULL, 2016),
	('2016-03-26 00:00:00', 3, 1, NULL, 2016),
	('2016-03-27 00:00:00', 3, 1, NULL, 2016),
	('2016-03-28 00:00:00', 3, 1, NULL, 2016),
	('2016-03-29 00:00:00', 3, 1, NULL, 2016),
	('2016-03-30 00:00:00', 3, 1, NULL, 2016),
	('2016-03-31 00:00:00', 3, 1, NULL, 2016),
	('2016-04-01 00:00:00', 4, 2, NULL, 2016),
	('2016-04-02 00:00:00', 4, 2, NULL, 2016),
	('2016-04-03 00:00:00', 4, 2, NULL, 2016),
	('2016-04-04 00:00:00', 4, 2, NULL, 2016),
	('2016-04-05 00:00:00', 4, 2, NULL, 2016),
	('2016-04-06 00:00:00', 4, 2, NULL, 2016),
	('2016-04-07 00:00:00', 4, 2, NULL, 2016),
	('2016-04-08 00:00:00', 4, 2, NULL, 2016),
	('2016-04-09 00:00:00', 4, 2, NULL, 2016),
	('2016-04-10 00:00:00', 4, 2, NULL, 2016),
	('2016-04-11 00:00:00', 4, 2, NULL, 2016),
	('2016-04-12 00:00:00', 4, 2, NULL, 2016),
	('2016-04-13 00:00:00', 4, 2, NULL, 2016),
	('2016-04-14 00:00:00', 4, 2, NULL, 2016),
	('2016-04-15 00:00:00', 4, 2, NULL, 2016),
	('2016-04-16 00:00:00', 4, 2, NULL, 2016),
	('2016-04-17 00:00:00', 4, 2, NULL, 2016),
	('2016-04-18 00:00:00', 4, 2, NULL, 2016),
	('2016-04-19 00:00:00', 4, 2, NULL, 2016),
	('2016-04-20 00:00:00', 4, 2, NULL, 2016),
	('2016-04-21 00:00:00', 4, 2, NULL, 2016),
	('2016-04-22 00:00:00', 4, 2, NULL, 2016),
	('2016-04-23 00:00:00', 4, 2, NULL, 2016),
	('2016-04-24 00:00:00', 4, 2, NULL, 2016),
	('2016-04-25 00:00:00', 4, 2, NULL, 2016),
	('2016-04-26 00:00:00', 4, 2, NULL, 2016),
	('2016-04-27 00:00:00', 4, 2, NULL, 2016),
	('2016-04-28 00:00:00', 4, 2, NULL, 2016),
	('2016-04-29 00:00:00', 4, 2, NULL, 2016),
	('2016-04-30 00:00:00', 4, 2, NULL, 2016),
	('2016-05-01 00:00:00', 5, 2, NULL, 2016),
	('2016-05-02 00:00:00', 5, 2, NULL, 2016),
	('2016-05-03 00:00:00', 5, 2, NULL, 2016),
	('2016-05-04 00:00:00', 5, 2, NULL, 2016),
	('2016-05-05 00:00:00', 5, 2, NULL, 2016),
	('2016-05-06 00:00:00', 5, 2, NULL, 2016),
	('2016-05-07 00:00:00', 5, 2, NULL, 2016),
	('2016-05-08 00:00:00', 5, 2, NULL, 2016),
	('2016-05-09 00:00:00', 5, 2, NULL, 2016),
	('2016-05-10 00:00:00', 5, 2, NULL, 2016),
	('2016-05-11 00:00:00', 5, 2, NULL, 2016),
	('2016-05-12 00:00:00', 5, 2, NULL, 2016),
	('2016-05-13 00:00:00', 5, 2, NULL, 2016),
	('2016-05-14 00:00:00', 5, 2, NULL, 2016),
	('2016-05-15 00:00:00', 5, 2, NULL, 2016),
	('2016-05-16 00:00:00', 5, 2, NULL, 2016),
	('2016-05-17 00:00:00', 5, 2, NULL, 2016),
	('2016-05-18 00:00:00', 5, 2, NULL, 2016),
	('2016-05-19 00:00:00', 5, 2, NULL, 2016),
	('2016-05-20 00:00:00', 5, 2, NULL, 2016),
	('2016-05-21 00:00:00', 5, 2, NULL, 2016),
	('2016-05-22 00:00:00', 5, 2, NULL, 2016),
	('2016-05-23 00:00:00', 5, 2, NULL, 2016),
	('2016-05-24 00:00:00', 5, 2, NULL, 2016),
	('2016-05-25 00:00:00', 5, 2, NULL, 2016),
	('2016-05-26 00:00:00', 5, 2, NULL, 2016),
	('2016-05-27 00:00:00', 5, 2, NULL, 2016),
	('2016-05-28 00:00:00', 5, 2, NULL, 2016),
	('2016-05-29 00:00:00', 5, 2, NULL, 2016),
	('2016-05-30 00:00:00', 5, 2, NULL, 2016),
	('2016-05-31 00:00:00', 5, 2, NULL, 2016),
	('2016-06-01 00:00:00', 6, 2, NULL, 2016),
	('2016-06-02 00:00:00', 6, 2, NULL, 2016),
	('2016-06-03 00:00:00', 6, 2, NULL, 2016),
	('2016-06-04 00:00:00', 6, 2, NULL, 2016),
	('2016-06-05 00:00:00', 6, 2, NULL, 2016),
	('2016-06-06 00:00:00', 6, 2, NULL, 2016),
	('2016-06-07 00:00:00', 6, 2, NULL, 2016),
	('2016-06-08 00:00:00', 6, 2, NULL, 2016),
	('2016-06-09 00:00:00', 6, 2, NULL, 2016),
	('2016-06-10 00:00:00', 6, 2, NULL, 2016),
	('2016-06-11 00:00:00', 6, 2, NULL, 2016),
	('2016-06-12 00:00:00', 6, 2, NULL, 2016),
	('2016-06-13 00:00:00', 6, 2, NULL, 2016),
	('2016-06-14 00:00:00', 6, 2, NULL, 2016),
	('2016-06-15 00:00:00', 6, 2, NULL, 2016),
	('2016-06-16 00:00:00', 6, 2, NULL, 2016),
	('2016-06-17 00:00:00', 6, 2, NULL, 2016),
	('2016-06-18 00:00:00', 6, 2, NULL, 2016),
	('2016-06-19 00:00:00', 6, 2, NULL, 2016),
	('2016-06-20 00:00:00', 6, 2, NULL, 2016),
	('2016-06-21 00:00:00', 6, 2, NULL, 2016),
	('2016-06-22 00:00:00', 6, 2, NULL, 2016),
	('2016-06-23 00:00:00', 6, 2, NULL, 2016),
	('2016-06-24 00:00:00', 6, 2, NULL, 2016),
	('2016-06-25 00:00:00', 6, 2, NULL, 2016),
	('2016-06-26 00:00:00', 6, 2, NULL, 2016),
	('2016-06-27 00:00:00', 6, 2, NULL, 2016),
	('2016-06-28 00:00:00', 6, 2, NULL, 2016),
	('2016-06-29 00:00:00', 6, 2, NULL, 2016),
	('2016-06-30 00:00:00', 6, 2, NULL, 2016),
	('2016-07-01 00:00:00', 7, 3, NULL, 2016),
	('2016-07-02 00:00:00', 7, 3, NULL, 2016),
	('2016-07-03 00:00:00', 7, 3, NULL, 2016),
	('2016-07-04 00:00:00', 7, 3, NULL, 2016),
	('2016-07-05 00:00:00', 7, 3, NULL, 2016),
	('2016-07-06 00:00:00', 7, 3, NULL, 2016),
	('2016-07-07 00:00:00', 7, 3, NULL, 2016),
	('2016-07-08 00:00:00', 7, 3, NULL, 2016),
	('2016-07-09 00:00:00', 7, 3, NULL, 2016),
	('2016-07-10 00:00:00', 7, 3, NULL, 2016),
	('2016-07-11 00:00:00', 7, 3, NULL, 2016),
	('2016-07-12 00:00:00', 7, 3, NULL, 2016),
	('2016-07-13 00:00:00', 7, 3, NULL, 2016),
	('2016-07-14 00:00:00', 7, 3, NULL, 2016),
	('2016-07-15 00:00:00', 7, 3, NULL, 2016),
	('2016-07-16 00:00:00', 7, 3, NULL, 2016),
	('2016-07-17 00:00:00', 7, 3, NULL, 2016),
	('2016-07-18 00:00:00', 7, 3, NULL, 2016),
	('2016-07-19 00:00:00', 7, 3, NULL, 2016),
	('2016-07-20 00:00:00', 7, 3, NULL, 2016),
	('2016-07-21 00:00:00', 7, 3, NULL, 2016),
	('2016-07-22 00:00:00', 7, 3, NULL, 2016),
	('2016-07-23 00:00:00', 7, 3, NULL, 2016),
	('2016-07-24 00:00:00', 7, 3, NULL, 2016),
	('2016-07-25 00:00:00', 7, 3, NULL, 2016),
	('2016-07-26 00:00:00', 7, 3, NULL, 2016),
	('2016-07-27 00:00:00', 7, 3, NULL, 2016),
	('2016-07-28 00:00:00', 7, 3, NULL, 2016),
	('2016-07-29 00:00:00', 7, 3, NULL, 2016),
	('2016-07-30 00:00:00', 7, 3, NULL, 2016),
	('2016-07-31 00:00:00', 7, 3, NULL, 2016),
	('2016-08-01 00:00:00', 8, 3, NULL, 2016),
	('2016-08-02 00:00:00', 8, 3, NULL, 2016),
	('2016-08-03 00:00:00', 8, 3, NULL, 2016),
	('2016-08-04 00:00:00', 8, 3, NULL, 2016),
	('2016-08-05 00:00:00', 8, 3, NULL, 2016),
	('2016-08-06 00:00:00', 8, 3, NULL, 2016),
	('2016-08-07 00:00:00', 8, 3, NULL, 2016),
	('2016-08-08 00:00:00', 8, 3, NULL, 2016),
	('2016-08-09 00:00:00', 8, 3, NULL, 2016),
	('2016-08-10 00:00:00', 8, 3, NULL, 2016),
	('2016-08-11 00:00:00', 8, 3, NULL, 2016),
	('2016-08-12 00:00:00', 8, 3, NULL, 2016),
	('2016-08-13 00:00:00', 8, 3, NULL, 2016),
	('2016-08-14 00:00:00', 8, 3, NULL, 2016),
	('2016-08-15 00:00:00', 8, 3, NULL, 2016),
	('2016-08-16 00:00:00', 8, 3, NULL, 2016),
	('2016-08-17 00:00:00', 8, 3, NULL, 2016),
	('2016-08-18 00:00:00', 8, 3, NULL, 2016),
	('2016-08-19 00:00:00', 8, 3, NULL, 2016),
	('2016-08-20 00:00:00', 8, 3, NULL, 2016),
	('2016-08-21 00:00:00', 8, 3, NULL, 2016),
	('2016-08-22 00:00:00', 8, 3, NULL, 2016),
	('2016-08-23 00:00:00', 8, 3, NULL, 2016),
	('2016-08-24 00:00:00', 8, 3, NULL, 2016),
	('2016-08-25 00:00:00', 8, 3, NULL, 2016),
	('2016-08-26 00:00:00', 8, 3, NULL, 2016),
	('2016-08-27 00:00:00', 8, 3, NULL, 2016),
	('2016-08-28 00:00:00', 8, 3, NULL, 2016),
	('2016-08-29 00:00:00', 8, 3, NULL, 2016),
	('2016-08-30 00:00:00', 8, 3, NULL, 2016),
	('2016-08-31 00:00:00', 8, 3, NULL, 2016),
	('2016-09-01 00:00:00', 9, 3, NULL, 2016),
	('2016-09-02 00:00:00', 9, 3, NULL, 2016),
	('2016-09-03 00:00:00', 9, 3, NULL, 2016),
	('2016-09-04 00:00:00', 9, 3, NULL, 2016),
	('2016-09-05 00:00:00', 9, 3, NULL, 2016),
	('2016-09-06 00:00:00', 9, 3, NULL, 2016),
	('2016-09-07 00:00:00', 9, 3, NULL, 2016),
	('2016-09-08 00:00:00', 9, 3, NULL, 2016),
	('2016-09-09 00:00:00', 9, 3, NULL, 2016),
	('2016-09-10 00:00:00', 9, 3, NULL, 2016),
	('2016-09-11 00:00:00', 9, 3, NULL, 2016),
	('2016-09-12 00:00:00', 9, 3, NULL, 2016),
	('2016-09-13 00:00:00', 9, 3, NULL, 2016),
	('2016-09-14 00:00:00', 9, 3, NULL, 2016),
	('2016-09-15 00:00:00', 9, 3, NULL, 2016),
	('2016-09-16 00:00:00', 9, 3, NULL, 2016),
	('2016-09-17 00:00:00', 9, 3, NULL, 2016),
	('2016-09-18 00:00:00', 9, 3, NULL, 2016),
	('2016-09-19 00:00:00', 9, 3, NULL, 2016),
	('2016-09-20 00:00:00', 9, 3, NULL, 2016),
	('2016-09-21 00:00:00', 9, 3, NULL, 2016),
	('2016-09-22 00:00:00', 9, 3, NULL, 2016),
	('2016-09-23 00:00:00', 9, 3, NULL, 2016),
	('2016-09-24 00:00:00', 9, 3, NULL, 2016),
	('2016-09-25 00:00:00', 9, 3, NULL, 2016),
	('2016-09-26 00:00:00', 9, 3, NULL, 2016),
	('2016-09-27 00:00:00', 9, 3, NULL, 2016),
	('2016-09-28 00:00:00', 9, 3, NULL, 2016),
	('2016-09-29 00:00:00', 9, 3, NULL, 2016),
	('2016-09-30 00:00:00', 9, 3, NULL, 2016),
	('2016-10-01 00:00:00', 10, 4, NULL, 2016),
	('2016-10-02 00:00:00', 10, 4, NULL, 2016),
	('2016-10-03 00:00:00', 10, 4, NULL, 2016),
	('2016-10-04 00:00:00', 10, 4, NULL, 2016),
	('2016-10-05 00:00:00', 10, 4, NULL, 2016),
	('2016-10-06 00:00:00', 10, 4, NULL, 2016),
	('2016-10-07 00:00:00', 10, 4, NULL, 2016),
	('2016-10-08 00:00:00', 10, 4, NULL, 2016),
	('2016-10-09 00:00:00', 10, 4, NULL, 2016),
	('2016-10-10 00:00:00', 10, 4, NULL, 2016),
	('2016-10-11 00:00:00', 10, 4, NULL, 2016),
	('2016-10-12 00:00:00', 10, 4, NULL, 2016),
	('2016-10-13 00:00:00', 10, 4, NULL, 2016),
	('2016-10-14 00:00:00', 10, 4, NULL, 2016),
	('2016-10-15 00:00:00', 10, 4, NULL, 2016),
	('2016-10-16 00:00:00', 10, 4, NULL, 2016),
	('2016-10-17 00:00:00', 10, 4, NULL, 2016),
	('2016-10-18 00:00:00', 10, 4, NULL, 2016),
	('2016-10-19 00:00:00', 10, 4, NULL, 2016),
	('2016-10-20 00:00:00', 10, 4, NULL, 2016),
	('2016-10-21 00:00:00', 10, 4, NULL, 2016),
	('2016-10-22 00:00:00', 10, 4, NULL, 2016),
	('2016-10-23 00:00:00', 10, 4, NULL, 2016),
	('2016-10-24 00:00:00', 10, 4, NULL, 2016),
	('2016-10-25 00:00:00', 10, 4, NULL, 2016),
	('2016-10-26 00:00:00', 10, 4, NULL, 2016),
	('2016-10-27 00:00:00', 10, 4, NULL, 2016),
	('2016-10-28 00:00:00', 10, 4, NULL, 2016),
	('2016-10-29 00:00:00', 10, 4, NULL, 2016),
	('2016-10-30 00:00:00', 10, 4, NULL, 2016),
	('2016-10-31 00:00:00', 10, 4, NULL, 2016),
	('2016-11-01 00:00:00', 11, 4, NULL, 2016),
	('2016-11-02 00:00:00', 11, 4, NULL, 2016),
	('2016-11-03 00:00:00', 11, 4, NULL, 2016),
	('2016-11-04 00:00:00', 11, 4, NULL, 2016),
	('2016-11-05 00:00:00', 11, 4, NULL, 2016),
	('2016-11-06 00:00:00', 11, 4, NULL, 2016),
	('2016-11-07 00:00:00', 11, 4, NULL, 2016),
	('2016-11-08 00:00:00', 11, 4, NULL, 2016),
	('2016-11-09 00:00:00', 11, 4, NULL, 2016),
	('2016-11-10 00:00:00', 11, 4, NULL, 2016),
	('2016-11-11 00:00:00', 11, 4, NULL, 2016),
	('2016-11-12 00:00:00', 11, 4, NULL, 2016),
	('2016-11-13 00:00:00', 11, 4, NULL, 2016),
	('2016-11-14 00:00:00', 11, 4, NULL, 2016),
	('2016-11-15 00:00:00', 11, 4, NULL, 2016),
	('2016-11-16 00:00:00', 11, 4, NULL, 2016),
	('2016-11-17 00:00:00', 11, 4, NULL, 2016),
	('2016-11-18 00:00:00', 11, 4, NULL, 2016),
	('2016-11-19 00:00:00', 11, 4, NULL, 2016),
	('2016-11-20 00:00:00', 11, 4, NULL, 2016),
	('2016-11-21 00:00:00', 11, 4, NULL, 2016),
	('2016-11-22 00:00:00', 11, 4, NULL, 2016),
	('2016-11-23 00:00:00', 11, 4, NULL, 2016),
	('2016-11-24 00:00:00', 11, 4, NULL, 2016),
	('2016-11-25 00:00:00', 11, 4, NULL, 2016),
	('2016-11-26 00:00:00', 11, 4, NULL, 2016),
	('2016-11-27 00:00:00', 11, 4, NULL, 2016),
	('2016-11-28 00:00:00', 11, 4, NULL, 2016),
	('2016-11-29 00:00:00', 11, 4, NULL, 2016),
	('2016-11-30 00:00:00', 11, 4, NULL, 2016),
	('2016-12-01 00:00:00', 12, 4, NULL, 2016),
	('2016-12-02 00:00:00', 12, 4, NULL, 2016),
	('2016-12-03 00:00:00', 12, 4, NULL, 2016),
	('2016-12-04 00:00:00', 12, 4, NULL, 2016),
	('2016-12-05 00:00:00', 12, 4, NULL, 2016),
	('2016-12-06 00:00:00', 12, 4, NULL, 2016),
	('2016-12-07 00:00:00', 12, 4, NULL, 2016),
	('2016-12-08 00:00:00', 12, 4, NULL, 2016),
	('2016-12-09 00:00:00', 12, 4, NULL, 2016),
	('2016-12-10 00:00:00', 12, 4, NULL, 2016),
	('2016-12-11 00:00:00', 12, 4, NULL, 2016),
	('2016-12-12 00:00:00', 12, 4, NULL, 2016),
	('2016-12-13 00:00:00', 12, 4, NULL, 2016),
	('2016-12-14 00:00:00', 12, 4, NULL, 2016),
	('2016-12-15 00:00:00', 12, 4, NULL, 2016),
	('2016-12-16 00:00:00', 12, 4, NULL, 2016),
	('2016-12-17 00:00:00', 12, 4, NULL, 2016),
	('2016-12-18 00:00:00', 12, 4, NULL, 2016),
	('2016-12-19 00:00:00', 12, 4, NULL, 2016),
	('2016-12-20 00:00:00', 12, 4, NULL, 2016),
	('2016-12-21 00:00:00', 12, 4, NULL, 2016),
	('2016-12-22 00:00:00', 12, 4, NULL, 2016),
	('2016-12-23 00:00:00', 12, 4, NULL, 2016),
	('2016-12-24 00:00:00', 12, 4, NULL, 2016),
	('2016-12-25 00:00:00', 12, 4, NULL, 2016),
	('2016-12-26 00:00:00', 12, 4, NULL, 2016),
	('2016-12-27 00:00:00', 12, 4, NULL, 2016),
	('2016-12-28 00:00:00', 12, 4, NULL, 2016),
	('2016-12-29 00:00:00', 12, 4, NULL, 2016),
	('2016-12-30 00:00:00', 12, 4, NULL, 2016),
	('2016-12-31 00:00:00', 12, 4, NULL, 2016),
	('2017-01-01 00:00:00', 1, 1, NULL, 2017),
	('2017-01-02 00:00:00', 1, 1, NULL, 2017),
	('2017-01-03 00:00:00', 1, 1, NULL, 2017),
	('2017-01-04 00:00:00', 1, 1, NULL, 2017),
	('2017-01-05 00:00:00', 1, 1, NULL, 2017),
	('2017-01-06 00:00:00', 1, 1, NULL, 2017),
	('2017-01-07 00:00:00', 1, 1, NULL, 2017),
	('2017-01-08 00:00:00', 1, 1, NULL, 2017),
	('2017-01-09 00:00:00', 1, 1, NULL, 2017),
	('2017-01-10 00:00:00', 1, 1, NULL, 2017),
	('2017-01-11 00:00:00', 1, 1, NULL, 2017),
	('2017-01-12 00:00:00', 1, 1, NULL, 2017),
	('2017-01-13 00:00:00', 1, 1, NULL, 2017),
	('2017-01-14 00:00:00', 1, 1, NULL, 2017),
	('2017-01-15 00:00:00', 1, 1, NULL, 2017),
	('2017-01-16 00:00:00', 1, 1, NULL, 2017),
	('2017-01-17 00:00:00', 1, 1, NULL, 2017),
	('2017-01-18 00:00:00', 1, 1, NULL, 2017),
	('2017-01-19 00:00:00', 1, 1, NULL, 2017),
	('2017-01-20 00:00:00', 1, 1, NULL, 2017),
	('2017-01-21 00:00:00', 1, 1, NULL, 2017),
	('2017-01-22 00:00:00', 1, 1, NULL, 2017),
	('2017-01-23 00:00:00', 1, 1, NULL, 2017),
	('2017-01-24 00:00:00', 1, 1, NULL, 2017),
	('2017-01-25 00:00:00', 1, 1, NULL, 2017),
	('2017-01-26 00:00:00', 1, 1, NULL, 2017),
	('2017-01-27 00:00:00', 1, 1, NULL, 2017),
	('2017-01-28 00:00:00', 1, 1, NULL, 2017),
	('2017-01-29 00:00:00', 1, 1, NULL, 2017),
	('2017-01-30 00:00:00', 1, 1, NULL, 2017),
	('2017-01-31 00:00:00', 1, 1, NULL, 2017),
	('2017-02-01 00:00:00', 2, 1, NULL, 2017),
	('2017-02-02 00:00:00', 2, 1, NULL, 2017),
	('2017-02-03 00:00:00', 2, 1, NULL, 2017),
	('2017-02-04 00:00:00', 2, 1, NULL, 2017),
	('2017-02-05 00:00:00', 2, 1, NULL, 2017),
	('2017-02-06 00:00:00', 2, 1, NULL, 2017),
	('2017-02-07 00:00:00', 2, 1, NULL, 2017),
	('2017-02-08 00:00:00', 2, 1, NULL, 2017),
	('2017-02-09 00:00:00', 2, 1, NULL, 2017),
	('2017-02-10 00:00:00', 2, 1, NULL, 2017),
	('2017-02-11 00:00:00', 2, 1, NULL, 2017),
	('2017-02-12 00:00:00', 2, 1, NULL, 2017),
	('2017-02-13 00:00:00', 2, 1, NULL, 2017),
	('2017-02-14 00:00:00', 2, 1, NULL, 2017),
	('2017-02-15 00:00:00', 2, 1, NULL, 2017),
	('2017-02-16 00:00:00', 2, 1, NULL, 2017),
	('2017-02-17 00:00:00', 2, 1, NULL, 2017),
	('2017-02-18 00:00:00', 2, 1, NULL, 2017),
	('2017-02-19 00:00:00', 2, 1, NULL, 2017),
	('2017-02-20 00:00:00', 2, 1, NULL, 2017),
	('2017-02-21 00:00:00', 2, 1, NULL, 2017),
	('2017-02-22 00:00:00', 2, 1, NULL, 2017),
	('2017-02-23 00:00:00', 2, 1, NULL, 2017),
	('2017-02-24 00:00:00', 2, 1, NULL, 2017),
	('2017-02-25 00:00:00', 2, 1, NULL, 2017),
	('2017-02-26 00:00:00', 2, 1, NULL, 2017),
	('2017-02-27 00:00:00', 2, 1, NULL, 2017),
	('2017-02-28 00:00:00', 2, 1, NULL, 2017),
	('2017-03-01 00:00:00', 3, 1, NULL, 2017),
	('2017-03-02 00:00:00', 3, 1, NULL, 2017),
	('2017-03-03 00:00:00', 3, 1, NULL, 2017),
	('2017-03-04 00:00:00', 3, 1, NULL, 2017),
	('2017-03-05 00:00:00', 3, 1, NULL, 2017),
	('2017-03-06 00:00:00', 3, 1, NULL, 2017),
	('2017-03-07 00:00:00', 3, 1, NULL, 2017),
	('2017-03-08 00:00:00', 3, 1, NULL, 2017),
	('2017-03-09 00:00:00', 3, 1, NULL, 2017),
	('2017-03-10 00:00:00', 3, 1, NULL, 2017),
	('2017-03-11 00:00:00', 3, 1, NULL, 2017),
	('2017-03-12 00:00:00', 3, 1, NULL, 2017),
	('2017-03-13 00:00:00', 3, 1, NULL, 2017),
	('2017-03-14 00:00:00', 3, 1, NULL, 2017),
	('2017-03-15 00:00:00', 3, 1, NULL, 2017),
	('2017-03-16 00:00:00', 3, 1, NULL, 2017),
	('2017-03-17 00:00:00', 3, 1, NULL, 2017),
	('2017-03-18 00:00:00', 3, 1, NULL, 2017),
	('2017-03-19 00:00:00', 3, 1, NULL, 2017),
	('2017-03-20 00:00:00', 3, 1, NULL, 2017),
	('2017-03-21 00:00:00', 3, 1, NULL, 2017),
	('2017-03-22 00:00:00', 3, 1, NULL, 2017),
	('2017-03-23 00:00:00', 3, 1, NULL, 2017),
	('2017-03-24 00:00:00', 3, 1, NULL, 2017),
	('2017-03-25 00:00:00', 3, 1, NULL, 2017),
	('2017-03-26 00:00:00', 3, 1, NULL, 2017),
	('2017-03-27 00:00:00', 3, 1, NULL, 2017),
	('2017-03-28 00:00:00', 3, 1, NULL, 2017),
	('2017-03-29 00:00:00', 3, 1, NULL, 2017),
	('2017-03-30 00:00:00', 3, 1, NULL, 2017),
	('2017-03-31 00:00:00', 3, 1, NULL, 2017),
	('2017-04-01 00:00:00', 4, 2, NULL, 2017),
	('2017-04-02 00:00:00', 4, 2, NULL, 2017),
	('2017-04-03 00:00:00', 4, 2, NULL, 2017),
	('2017-04-04 00:00:00', 4, 2, NULL, 2017),
	('2017-04-05 00:00:00', 4, 2, NULL, 2017),
	('2017-04-06 00:00:00', 4, 2, NULL, 2017),
	('2017-04-07 00:00:00', 4, 2, NULL, 2017),
	('2017-04-08 00:00:00', 4, 2, NULL, 2017),
	('2017-04-09 00:00:00', 4, 2, NULL, 2017),
	('2017-04-10 00:00:00', 4, 2, NULL, 2017),
	('2017-04-11 00:00:00', 4, 2, NULL, 2017),
	('2017-04-12 00:00:00', 4, 2, NULL, 2017),
	('2017-04-13 00:00:00', 4, 2, NULL, 2017),
	('2017-04-14 00:00:00', 4, 2, NULL, 2017),
	('2017-04-15 00:00:00', 4, 2, NULL, 2017),
	('2017-04-16 00:00:00', 4, 2, NULL, 2017),
	('2017-04-17 00:00:00', 4, 2, NULL, 2017),
	('2017-04-18 00:00:00', 4, 2, NULL, 2017),
	('2017-04-19 00:00:00', 4, 2, NULL, 2017),
	('2017-04-20 00:00:00', 4, 2, NULL, 2017),
	('2017-04-21 00:00:00', 4, 2, NULL, 2017),
	('2017-04-22 00:00:00', 4, 2, NULL, 2017),
	('2017-04-23 00:00:00', 4, 2, NULL, 2017),
	('2017-04-24 00:00:00', 4, 2, NULL, 2017),
	('2017-04-25 00:00:00', 4, 2, NULL, 2017),
	('2017-04-26 00:00:00', 4, 2, NULL, 2017),
	('2017-04-27 00:00:00', 4, 2, NULL, 2017),
	('2017-04-28 00:00:00', 4, 2, NULL, 2017),
	('2017-04-29 00:00:00', 4, 2, NULL, 2017),
	('2017-04-30 00:00:00', 4, 2, NULL, 2017),
	('2017-05-01 00:00:00', 5, 2, NULL, 2017),
	('2017-05-02 00:00:00', 5, 2, NULL, 2017),
	('2017-05-03 00:00:00', 5, 2, NULL, 2017),
	('2017-05-04 00:00:00', 5, 2, NULL, 2017),
	('2017-05-05 00:00:00', 5, 2, NULL, 2017),
	('2017-05-06 00:00:00', 5, 2, NULL, 2017),
	('2017-05-07 00:00:00', 5, 2, NULL, 2017),
	('2017-05-08 00:00:00', 5, 2, NULL, 2017),
	('2017-05-09 00:00:00', 5, 2, NULL, 2017),
	('2017-05-10 00:00:00', 5, 2, NULL, 2017),
	('2017-05-11 00:00:00', 5, 2, NULL, 2017),
	('2017-05-12 00:00:00', 5, 2, NULL, 2017),
	('2017-05-13 00:00:00', 5, 2, NULL, 2017),
	('2017-05-14 00:00:00', 5, 2, NULL, 2017),
	('2017-05-15 00:00:00', 5, 2, NULL, 2017),
	('2017-05-16 00:00:00', 5, 2, NULL, 2017),
	('2017-05-17 00:00:00', 5, 2, NULL, 2017),
	('2017-05-18 00:00:00', 5, 2, NULL, 2017),
	('2017-05-19 00:00:00', 5, 2, NULL, 2017),
	('2017-05-20 00:00:00', 5, 2, NULL, 2017),
	('2017-05-21 00:00:00', 5, 2, NULL, 2017),
	('2017-05-22 00:00:00', 5, 2, NULL, 2017),
	('2017-05-23 00:00:00', 5, 2, NULL, 2017),
	('2017-05-24 00:00:00', 5, 2, NULL, 2017),
	('2017-05-25 00:00:00', 5, 2, NULL, 2017),
	('2017-05-26 00:00:00', 5, 2, NULL, 2017),
	('2017-05-27 00:00:00', 5, 2, NULL, 2017),
	('2017-05-28 00:00:00', 5, 2, NULL, 2017),
	('2017-05-29 00:00:00', 5, 2, NULL, 2017),
	('2017-05-30 00:00:00', 5, 2, NULL, 2017),
	('2017-05-31 00:00:00', 5, 2, NULL, 2017),
	('2017-06-01 00:00:00', 6, 2, NULL, 2017),
	('2017-06-02 00:00:00', 6, 2, NULL, 2017),
	('2017-06-03 00:00:00', 6, 2, NULL, 2017),
	('2017-06-04 00:00:00', 6, 2, NULL, 2017),
	('2017-06-05 00:00:00', 6, 2, NULL, 2017),
	('2017-06-06 00:00:00', 6, 2, NULL, 2017),
	('2017-06-07 00:00:00', 6, 2, NULL, 2017),
	('2017-06-08 00:00:00', 6, 2, NULL, 2017),
	('2017-06-09 00:00:00', 6, 2, NULL, 2017),
	('2017-06-10 00:00:00', 6, 2, NULL, 2017),
	('2017-06-11 00:00:00', 6, 2, NULL, 2017),
	('2017-06-12 00:00:00', 6, 2, NULL, 2017),
	('2017-06-13 00:00:00', 6, 2, NULL, 2017),
	('2017-06-14 00:00:00', 6, 2, NULL, 2017),
	('2017-06-15 00:00:00', 6, 2, NULL, 2017),
	('2017-06-16 00:00:00', 6, 2, NULL, 2017),
	('2017-06-17 00:00:00', 6, 2, NULL, 2017),
	('2017-06-18 00:00:00', 6, 2, NULL, 2017),
	('2017-06-19 00:00:00', 6, 2, NULL, 2017),
	('2017-06-20 00:00:00', 6, 2, NULL, 2017),
	('2017-06-21 00:00:00', 6, 2, NULL, 2017),
	('2017-06-22 00:00:00', 6, 2, NULL, 2017),
	('2017-06-23 00:00:00', 6, 2, NULL, 2017),
	('2017-06-24 00:00:00', 6, 2, NULL, 2017),
	('2017-06-25 00:00:00', 6, 2, NULL, 2017),
	('2017-06-26 00:00:00', 6, 2, NULL, 2017),
	('2017-06-27 00:00:00', 6, 2, NULL, 2017),
	('2017-06-28 00:00:00', 6, 2, NULL, 2017),
	('2017-06-29 00:00:00', 6, 2, NULL, 2017),
	('2017-06-30 00:00:00', 6, 2, NULL, 2017),
	('2017-07-01 00:00:00', 7, 3, NULL, 2017),
	('2017-07-02 00:00:00', 7, 3, NULL, 2017),
	('2017-07-03 00:00:00', 7, 3, NULL, 2017),
	('2017-07-04 00:00:00', 7, 3, NULL, 2017),
	('2017-07-05 00:00:00', 7, 3, NULL, 2017),
	('2017-07-06 00:00:00', 7, 3, NULL, 2017),
	('2017-07-07 00:00:00', 7, 3, NULL, 2017),
	('2017-07-08 00:00:00', 7, 3, NULL, 2017),
	('2017-07-09 00:00:00', 7, 3, NULL, 2017),
	('2017-07-10 00:00:00', 7, 3, NULL, 2017),
	('2017-07-11 00:00:00', 7, 3, NULL, 2017),
	('2017-07-12 00:00:00', 7, 3, NULL, 2017),
	('2017-07-13 00:00:00', 7, 3, NULL, 2017),
	('2017-07-14 00:00:00', 7, 3, NULL, 2017),
	('2017-07-15 00:00:00', 7, 3, NULL, 2017),
	('2017-07-16 00:00:00', 7, 3, NULL, 2017),
	('2017-07-17 00:00:00', 7, 3, NULL, 2017),
	('2017-07-18 00:00:00', 7, 3, NULL, 2017),
	('2017-07-19 00:00:00', 7, 3, NULL, 2017),
	('2017-07-20 00:00:00', 7, 3, NULL, 2017),
	('2017-07-21 00:00:00', 7, 3, NULL, 2017),
	('2017-07-22 00:00:00', 7, 3, NULL, 2017),
	('2017-07-23 00:00:00', 7, 3, NULL, 2017),
	('2017-07-24 00:00:00', 7, 3, NULL, 2017),
	('2017-07-25 00:00:00', 7, 3, NULL, 2017),
	('2017-07-26 00:00:00', 7, 3, NULL, 2017),
	('2017-07-27 00:00:00', 7, 3, NULL, 2017),
	('2017-07-28 00:00:00', 7, 3, NULL, 2017),
	('2017-07-29 00:00:00', 7, 3, NULL, 2017),
	('2017-07-30 00:00:00', 7, 3, NULL, 2017),
	('2017-07-31 00:00:00', 7, 3, NULL, 2017),
	('2017-08-01 00:00:00', 8, 3, NULL, 2017),
	('2017-08-02 00:00:00', 8, 3, NULL, 2017),
	('2017-08-03 00:00:00', 8, 3, NULL, 2017),
	('2017-08-04 00:00:00', 8, 3, NULL, 2017),
	('2017-08-05 00:00:00', 8, 3, NULL, 2017),
	('2017-08-06 00:00:00', 8, 3, NULL, 2017),
	('2017-08-07 00:00:00', 8, 3, NULL, 2017),
	('2017-08-08 00:00:00', 8, 3, NULL, 2017),
	('2017-08-09 00:00:00', 8, 3, NULL, 2017),
	('2017-08-10 00:00:00', 8, 3, NULL, 2017),
	('2017-08-11 00:00:00', 8, 3, NULL, 2017),
	('2017-08-12 00:00:00', 8, 3, NULL, 2017),
	('2017-08-13 00:00:00', 8, 3, NULL, 2017),
	('2017-08-14 00:00:00', 8, 3, NULL, 2017),
	('2017-08-15 00:00:00', 8, 3, NULL, 2017),
	('2017-08-16 00:00:00', 8, 3, NULL, 2017),
	('2017-08-17 00:00:00', 8, 3, NULL, 2017),
	('2017-08-18 00:00:00', 8, 3, NULL, 2017),
	('2017-08-19 00:00:00', 8, 3, NULL, 2017),
	('2017-08-20 00:00:00', 8, 3, NULL, 2017),
	('2017-08-21 00:00:00', 8, 3, NULL, 2017),
	('2017-08-22 00:00:00', 8, 3, NULL, 2017),
	('2017-08-23 00:00:00', 8, 3, NULL, 2017),
	('2017-08-24 00:00:00', 8, 3, NULL, 2017),
	('2017-08-25 00:00:00', 8, 3, NULL, 2017),
	('2017-08-26 00:00:00', 8, 3, NULL, 2017),
	('2017-08-27 00:00:00', 8, 3, NULL, 2017),
	('2017-08-28 00:00:00', 8, 3, NULL, 2017),
	('2017-08-29 00:00:00', 8, 3, NULL, 2017),
	('2017-08-30 00:00:00', 8, 3, NULL, 2017),
	('2017-08-31 00:00:00', 8, 3, NULL, 2017),
	('2017-09-01 00:00:00', 9, 3, NULL, 2017),
	('2017-09-02 00:00:00', 9, 3, NULL, 2017),
	('2017-09-03 00:00:00', 9, 3, NULL, 2017),
	('2017-09-04 00:00:00', 9, 3, NULL, 2017),
	('2017-09-05 00:00:00', 9, 3, NULL, 2017),
	('2017-09-06 00:00:00', 9, 3, NULL, 2017),
	('2017-09-07 00:00:00', 9, 3, NULL, 2017),
	('2017-09-08 00:00:00', 9, 3, NULL, 2017),
	('2017-09-09 00:00:00', 9, 3, NULL, 2017),
	('2017-09-10 00:00:00', 9, 3, NULL, 2017),
	('2017-09-11 00:00:00', 9, 3, NULL, 2017),
	('2017-09-12 00:00:00', 9, 3, NULL, 2017),
	('2017-09-13 00:00:00', 9, 3, NULL, 2017),
	('2017-09-14 00:00:00', 9, 3, NULL, 2017),
	('2017-09-15 00:00:00', 9, 3, NULL, 2017),
	('2017-09-16 00:00:00', 9, 3, NULL, 2017),
	('2017-09-17 00:00:00', 9, 3, NULL, 2017),
	('2017-09-18 00:00:00', 9, 3, NULL, 2017),
	('2017-09-19 00:00:00', 9, 3, NULL, 2017),
	('2017-09-20 00:00:00', 9, 3, NULL, 2017),
	('2017-09-21 00:00:00', 9, 3, NULL, 2017),
	('2017-09-22 00:00:00', 9, 3, NULL, 2017),
	('2017-09-23 00:00:00', 9, 3, NULL, 2017),
	('2017-09-24 00:00:00', 9, 3, NULL, 2017),
	('2017-09-25 00:00:00', 9, 3, NULL, 2017),
	('2017-09-26 00:00:00', 9, 3, NULL, 2017),
	('2017-09-27 00:00:00', 9, 3, NULL, 2017),
	('2017-09-28 00:00:00', 9, 3, NULL, 2017),
	('2017-09-29 00:00:00', 9, 3, NULL, 2017),
	('2017-09-30 00:00:00', 9, 3, NULL, 2017),
	('2017-10-01 00:00:00', 10, 4, NULL, 2017),
	('2017-10-02 00:00:00', 10, 4, NULL, 2017),
	('2017-10-03 00:00:00', 10, 4, NULL, 2017),
	('2017-10-04 00:00:00', 10, 4, NULL, 2017),
	('2017-10-05 00:00:00', 10, 4, NULL, 2017),
	('2017-10-06 00:00:00', 10, 4, NULL, 2017),
	('2017-10-07 00:00:00', 10, 4, NULL, 2017),
	('2017-10-08 00:00:00', 10, 4, NULL, 2017),
	('2017-10-09 00:00:00', 10, 4, NULL, 2017),
	('2017-10-10 00:00:00', 10, 4, NULL, 2017),
	('2017-10-11 00:00:00', 10, 4, NULL, 2017),
	('2017-10-12 00:00:00', 10, 4, NULL, 2017),
	('2017-10-13 00:00:00', 10, 4, NULL, 2017),
	('2017-10-14 00:00:00', 10, 4, NULL, 2017),
	('2017-10-15 00:00:00', 10, 4, NULL, 2017),
	('2017-10-16 00:00:00', 10, 4, NULL, 2017),
	('2017-10-17 00:00:00', 10, 4, NULL, 2017),
	('2017-10-18 00:00:00', 10, 4, NULL, 2017),
	('2017-10-19 00:00:00', 10, 4, NULL, 2017),
	('2017-10-20 00:00:00', 10, 4, NULL, 2017),
	('2017-10-21 00:00:00', 10, 4, NULL, 2017),
	('2017-10-22 00:00:00', 10, 4, NULL, 2017),
	('2017-10-23 00:00:00', 10, 4, NULL, 2017),
	('2017-10-24 00:00:00', 10, 4, NULL, 2017),
	('2017-10-25 00:00:00', 10, 4, NULL, 2017),
	('2017-10-26 00:00:00', 10, 4, NULL, 2017),
	('2017-10-27 00:00:00', 10, 4, NULL, 2017),
	('2017-10-28 00:00:00', 10, 4, NULL, 2017),
	('2017-10-29 00:00:00', 10, 4, NULL, 2017),
	('2017-10-30 00:00:00', 10, 4, NULL, 2017),
	('2017-10-31 00:00:00', 10, 4, NULL, 2017),
	('2017-11-01 00:00:00', 11, 4, NULL, 2017),
	('2017-11-02 00:00:00', 11, 4, NULL, 2017),
	('2017-11-03 00:00:00', 11, 4, NULL, 2017),
	('2017-11-04 00:00:00', 11, 4, NULL, 2017),
	('2017-11-05 00:00:00', 11, 4, NULL, 2017),
	('2017-11-06 00:00:00', 11, 4, NULL, 2017),
	('2017-11-07 00:00:00', 11, 4, NULL, 2017),
	('2017-11-08 00:00:00', 11, 4, NULL, 2017),
	('2017-11-09 00:00:00', 11, 4, NULL, 2017),
	('2017-11-10 00:00:00', 11, 4, NULL, 2017),
	('2017-11-11 00:00:00', 11, 4, NULL, 2017),
	('2017-11-12 00:00:00', 11, 4, NULL, 2017),
	('2017-11-13 00:00:00', 11, 4, NULL, 2017),
	('2017-11-14 00:00:00', 11, 4, NULL, 2017),
	('2017-11-15 00:00:00', 11, 4, NULL, 2017),
	('2017-11-16 00:00:00', 11, 4, NULL, 2017),
	('2017-11-17 00:00:00', 11, 4, NULL, 2017),
	('2017-11-18 00:00:00', 11, 4, NULL, 2017),
	('2017-11-19 00:00:00', 11, 4, NULL, 2017),
	('2017-11-20 00:00:00', 11, 4, NULL, 2017),
	('2017-11-21 00:00:00', 11, 4, NULL, 2017),
	('2017-11-22 00:00:00', 11, 4, NULL, 2017),
	('2017-11-23 00:00:00', 11, 4, NULL, 2017),
	('2017-11-24 00:00:00', 11, 4, NULL, 2017),
	('2017-11-25 00:00:00', 11, 4, NULL, 2017),
	('2017-11-26 00:00:00', 11, 4, NULL, 2017),
	('2017-11-27 00:00:00', 11, 4, NULL, 2017),
	('2017-11-28 00:00:00', 11, 4, NULL, 2017),
	('2017-11-29 00:00:00', 11, 4, NULL, 2017),
	('2017-11-30 00:00:00', 11, 4, NULL, 2017),
	('2017-12-01 00:00:00', 12, 4, NULL, 2017),
	('2017-12-02 00:00:00', 12, 4, NULL, 2017),
	('2017-12-03 00:00:00', 12, 4, NULL, 2017),
	('2017-12-04 00:00:00', 12, 4, NULL, 2017),
	('2017-12-05 00:00:00', 12, 4, NULL, 2017),
	('2017-12-06 00:00:00', 12, 4, NULL, 2017),
	('2017-12-07 00:00:00', 12, 4, NULL, 2017),
	('2017-12-08 00:00:00', 12, 4, NULL, 2017),
	('2017-12-09 00:00:00', 12, 4, NULL, 2017),
	('2017-12-10 00:00:00', 12, 4, NULL, 2017),
	('2017-12-11 00:00:00', 12, 4, NULL, 2017),
	('2017-12-12 00:00:00', 12, 4, NULL, 2017),
	('2017-12-13 00:00:00', 12, 4, NULL, 2017),
	('2017-12-14 00:00:00', 12, 4, NULL, 2017),
	('2017-12-15 00:00:00', 12, 4, NULL, 2017),
	('2017-12-16 00:00:00', 12, 4, NULL, 2017),
	('2017-12-17 00:00:00', 12, 4, NULL, 2017),
	('2017-12-18 00:00:00', 12, 4, NULL, 2017),
	('2017-12-19 00:00:00', 12, 4, NULL, 2017),
	('2017-12-20 00:00:00', 12, 4, NULL, 2017),
	('2017-12-21 00:00:00', 12, 4, NULL, 2017),
	('2017-12-22 00:00:00', 12, 4, NULL, 2017),
	('2017-12-23 00:00:00', 12, 4, NULL, 2017),
	('2017-12-24 00:00:00', 12, 4, NULL, 2017),
	('2017-12-25 00:00:00', 12, 4, NULL, 2017),
	('2017-12-26 00:00:00', 12, 4, NULL, 2017),
	('2017-12-27 00:00:00', 12, 4, NULL, 2017),
	('2017-12-28 00:00:00', 12, 4, NULL, 2017),
	('2017-12-29 00:00:00', 12, 4, NULL, 2017),
	('2017-12-30 00:00:00', 12, 4, NULL, 2017),
	('2017-12-31 00:00:00', 12, 4, NULL, 2017),
	('2018-01-01 00:00:00', 1, 1, NULL, 2018),
	('2018-01-02 00:00:00', 1, 1, NULL, 2018),
	('2018-01-03 00:00:00', 1, 1, NULL, 2018),
	('2018-01-04 00:00:00', 1, 1, NULL, 2018),
	('2018-01-05 00:00:00', 1, 1, NULL, 2018),
	('2018-01-06 00:00:00', 1, 1, NULL, 2018),
	('2018-01-07 00:00:00', 1, 1, NULL, 2018),
	('2018-01-08 00:00:00', 1, 1, NULL, 2018),
	('2018-01-09 00:00:00', 1, 1, NULL, 2018),
	('2018-01-10 00:00:00', 1, 1, NULL, 2018),
	('2018-01-11 00:00:00', 1, 1, NULL, 2018),
	('2018-01-12 00:00:00', 1, 1, NULL, 2018),
	('2018-01-13 00:00:00', 1, 1, NULL, 2018),
	('2018-01-14 00:00:00', 1, 1, NULL, 2018),
	('2018-01-15 00:00:00', 1, 1, NULL, 2018),
	('2018-01-16 00:00:00', 1, 1, NULL, 2018),
	('2018-01-17 00:00:00', 1, 1, NULL, 2018),
	('2018-01-18 00:00:00', 1, 1, NULL, 2018),
	('2018-01-19 00:00:00', 1, 1, NULL, 2018),
	('2018-01-20 00:00:00', 1, 1, NULL, 2018),
	('2018-01-21 00:00:00', 1, 1, NULL, 2018),
	('2018-01-22 00:00:00', 1, 1, NULL, 2018),
	('2018-01-23 00:00:00', 1, 1, NULL, 2018),
	('2018-01-24 00:00:00', 1, 1, NULL, 2018),
	('2018-01-25 00:00:00', 1, 1, NULL, 2018),
	('2018-01-26 00:00:00', 1, 1, NULL, 2018),
	('2018-01-27 00:00:00', 1, 1, NULL, 2018),
	('2018-01-28 00:00:00', 1, 1, NULL, 2018),
	('2018-01-29 00:00:00', 1, 1, NULL, 2018),
	('2018-01-30 00:00:00', 1, 1, NULL, 2018),
	('2018-01-31 00:00:00', 1, 1, NULL, 2018),
	('2018-02-01 00:00:00', 2, 1, NULL, 2018),
	('2018-02-02 00:00:00', 2, 1, NULL, 2018),
	('2018-02-03 00:00:00', 2, 1, NULL, 2018),
	('2018-02-04 00:00:00', 2, 1, NULL, 2018),
	('2018-02-05 00:00:00', 2, 1, NULL, 2018),
	('2018-02-06 00:00:00', 2, 1, NULL, 2018),
	('2018-02-07 00:00:00', 2, 1, NULL, 2018),
	('2018-02-08 00:00:00', 2, 1, NULL, 2018),
	('2018-02-09 00:00:00', 2, 1, NULL, 2018),
	('2018-02-10 00:00:00', 2, 1, NULL, 2018),
	('2018-02-11 00:00:00', 2, 1, NULL, 2018),
	('2018-02-12 00:00:00', 2, 1, NULL, 2018),
	('2018-02-13 00:00:00', 2, 1, NULL, 2018),
	('2018-02-14 00:00:00', 2, 1, NULL, 2018),
	('2018-02-15 00:00:00', 2, 1, NULL, 2018),
	('2018-02-16 00:00:00', 2, 1, NULL, 2018),
	('2018-02-17 00:00:00', 2, 1, NULL, 2018),
	('2018-02-18 00:00:00', 2, 1, NULL, 2018),
	('2018-02-19 00:00:00', 2, 1, NULL, 2018),
	('2018-02-20 00:00:00', 2, 1, NULL, 2018),
	('2018-02-21 00:00:00', 2, 1, NULL, 2018),
	('2018-02-22 00:00:00', 2, 1, NULL, 2018),
	('2018-02-23 00:00:00', 2, 1, NULL, 2018),
	('2018-02-24 00:00:00', 2, 1, NULL, 2018),
	('2018-02-25 00:00:00', 2, 1, NULL, 2018),
	('2018-02-26 00:00:00', 2, 1, NULL, 2018),
	('2018-02-27 00:00:00', 2, 1, NULL, 2018),
	('2018-02-28 00:00:00', 2, 1, NULL, 2018),
	('2018-03-01 00:00:00', 3, 1, NULL, 2018),
	('2018-03-02 00:00:00', 3, 1, NULL, 2018),
	('2018-03-03 00:00:00', 3, 1, NULL, 2018),
	('2018-03-04 00:00:00', 3, 1, NULL, 2018),
	('2018-03-05 00:00:00', 3, 1, NULL, 2018),
	('2018-03-06 00:00:00', 3, 1, NULL, 2018),
	('2018-03-07 00:00:00', 3, 1, NULL, 2018),
	('2018-03-08 00:00:00', 3, 1, NULL, 2018),
	('2018-03-09 00:00:00', 3, 1, NULL, 2018),
	('2018-03-10 00:00:00', 3, 1, NULL, 2018),
	('2018-03-11 00:00:00', 3, 1, NULL, 2018),
	('2018-03-12 00:00:00', 3, 1, NULL, 2018),
	('2018-03-13 00:00:00', 3, 1, NULL, 2018),
	('2018-03-14 00:00:00', 3, 1, NULL, 2018),
	('2018-03-15 00:00:00', 3, 1, NULL, 2018),
	('2018-03-16 00:00:00', 3, 1, NULL, 2018),
	('2018-03-17 00:00:00', 3, 1, NULL, 2018),
	('2018-03-18 00:00:00', 3, 1, NULL, 2018),
	('2018-03-19 00:00:00', 3, 1, NULL, 2018),
	('2018-03-20 00:00:00', 3, 1, NULL, 2018),
	('2018-03-21 00:00:00', 3, 1, NULL, 2018),
	('2018-03-22 00:00:00', 3, 1, NULL, 2018),
	('2018-03-23 00:00:00', 3, 1, NULL, 2018),
	('2018-03-24 00:00:00', 3, 1, NULL, 2018),
	('2018-03-25 00:00:00', 3, 1, NULL, 2018),
	('2018-03-26 00:00:00', 3, 1, NULL, 2018),
	('2018-03-27 00:00:00', 3, 1, NULL, 2018),
	('2018-03-28 00:00:00', 3, 1, NULL, 2018),
	('2018-03-29 00:00:00', 3, 1, NULL, 2018),
	('2018-03-30 00:00:00', 3, 1, NULL, 2018),
	('2018-03-31 00:00:00', 3, 1, NULL, 2018),
	('2018-04-01 00:00:00', 4, 2, NULL, 2018),
	('2018-04-02 00:00:00', 4, 2, NULL, 2018),
	('2018-04-03 00:00:00', 4, 2, NULL, 2018),
	('2018-04-04 00:00:00', 4, 2, NULL, 2018),
	('2018-04-05 00:00:00', 4, 2, NULL, 2018),
	('2018-04-06 00:00:00', 4, 2, NULL, 2018),
	('2018-04-07 00:00:00', 4, 2, NULL, 2018),
	('2018-04-08 00:00:00', 4, 2, NULL, 2018),
	('2018-04-09 00:00:00', 4, 2, NULL, 2018),
	('2018-04-10 00:00:00', 4, 2, NULL, 2018),
	('2018-04-11 00:00:00', 4, 2, NULL, 2018),
	('2018-04-12 00:00:00', 4, 2, NULL, 2018),
	('2018-04-13 00:00:00', 4, 2, NULL, 2018),
	('2018-04-14 00:00:00', 4, 2, NULL, 2018),
	('2018-04-15 00:00:00', 4, 2, NULL, 2018),
	('2018-04-16 00:00:00', 4, 2, NULL, 2018),
	('2018-04-17 00:00:00', 4, 2, NULL, 2018),
	('2018-04-18 00:00:00', 4, 2, NULL, 2018),
	('2018-04-19 00:00:00', 4, 2, NULL, 2018),
	('2018-04-20 00:00:00', 4, 2, NULL, 2018),
	('2018-04-21 00:00:00', 4, 2, NULL, 2018),
	('2018-04-22 00:00:00', 4, 2, NULL, 2018),
	('2018-04-23 00:00:00', 4, 2, NULL, 2018),
	('2018-04-24 00:00:00', 4, 2, NULL, 2018),
	('2018-04-25 00:00:00', 4, 2, NULL, 2018),
	('2018-04-26 00:00:00', 4, 2, NULL, 2018),
	('2018-04-27 00:00:00', 4, 2, NULL, 2018),
	('2018-04-28 00:00:00', 4, 2, NULL, 2018),
	('2018-04-29 00:00:00', 4, 2, NULL, 2018),
	('2018-04-30 00:00:00', 4, 2, NULL, 2018),
	('2018-05-01 00:00:00', 5, 2, NULL, 2018),
	('2018-05-02 00:00:00', 5, 2, NULL, 2018),
	('2018-05-03 00:00:00', 5, 2, NULL, 2018),
	('2018-05-04 00:00:00', 5, 2, NULL, 2018),
	('2018-05-05 00:00:00', 5, 2, NULL, 2018),
	('2018-05-06 00:00:00', 5, 2, NULL, 2018),
	('2018-05-07 00:00:00', 5, 2, NULL, 2018),
	('2018-05-08 00:00:00', 5, 2, NULL, 2018),
	('2018-05-09 00:00:00', 5, 2, NULL, 2018),
	('2018-05-10 00:00:00', 5, 2, NULL, 2018),
	('2018-05-11 00:00:00', 5, 2, NULL, 2018),
	('2018-05-12 00:00:00', 5, 2, NULL, 2018),
	('2018-05-13 00:00:00', 5, 2, NULL, 2018),
	('2018-05-14 00:00:00', 5, 2, NULL, 2018),
	('2018-05-15 00:00:00', 5, 2, NULL, 2018),
	('2018-05-16 00:00:00', 5, 2, NULL, 2018),
	('2018-05-17 00:00:00', 5, 2, NULL, 2018),
	('2018-05-18 00:00:00', 5, 2, NULL, 2018),
	('2018-05-19 00:00:00', 5, 2, NULL, 2018),
	('2018-05-20 00:00:00', 5, 2, NULL, 2018),
	('2018-05-21 00:00:00', 5, 2, NULL, 2018),
	('2018-05-22 00:00:00', 5, 2, NULL, 2018),
	('2018-05-23 00:00:00', 5, 2, NULL, 2018),
	('2018-05-24 00:00:00', 5, 2, NULL, 2018),
	('2018-05-25 00:00:00', 5, 2, NULL, 2018),
	('2018-05-26 00:00:00', 5, 2, NULL, 2018),
	('2018-05-27 00:00:00', 5, 2, NULL, 2018),
	('2018-05-28 00:00:00', 5, 2, NULL, 2018),
	('2018-05-29 00:00:00', 5, 2, NULL, 2018),
	('2018-05-30 00:00:00', 5, 2, NULL, 2018),
	('2018-05-31 00:00:00', 5, 2, NULL, 2018),
	('2018-06-01 00:00:00', 6, 2, NULL, 2018),
	('2018-06-02 00:00:00', 6, 2, NULL, 2018),
	('2018-06-03 00:00:00', 6, 2, NULL, 2018),
	('2018-06-04 00:00:00', 6, 2, NULL, 2018),
	('2018-06-05 00:00:00', 6, 2, NULL, 2018),
	('2018-06-06 00:00:00', 6, 2, NULL, 2018),
	('2018-06-07 00:00:00', 6, 2, NULL, 2018),
	('2018-06-08 00:00:00', 6, 2, NULL, 2018),
	('2018-06-09 00:00:00', 6, 2, NULL, 2018),
	('2018-06-10 00:00:00', 6, 2, NULL, 2018),
	('2018-06-11 00:00:00', 6, 2, NULL, 2018),
	('2018-06-12 00:00:00', 6, 2, NULL, 2018),
	('2018-06-13 00:00:00', 6, 2, NULL, 2018),
	('2018-06-14 00:00:00', 6, 2, NULL, 2018),
	('2018-06-15 00:00:00', 6, 2, NULL, 2018),
	('2018-06-16 00:00:00', 6, 2, NULL, 2018),
	('2018-06-17 00:00:00', 6, 2, NULL, 2018),
	('2018-06-18 00:00:00', 6, 2, NULL, 2018),
	('2018-06-19 00:00:00', 6, 2, NULL, 2018),
	('2018-06-20 00:00:00', 6, 2, NULL, 2018),
	('2018-06-21 00:00:00', 6, 2, NULL, 2018),
	('2018-06-22 00:00:00', 6, 2, NULL, 2018),
	('2018-06-23 00:00:00', 6, 2, NULL, 2018),
	('2018-06-24 00:00:00', 6, 2, NULL, 2018),
	('2018-06-25 00:00:00', 6, 2, NULL, 2018),
	('2018-06-26 00:00:00', 6, 2, NULL, 2018),
	('2018-06-27 00:00:00', 6, 2, NULL, 2018),
	('2018-06-28 00:00:00', 6, 2, NULL, 2018),
	('2018-06-29 00:00:00', 6, 2, NULL, 2018),
	('2018-06-30 00:00:00', 6, 2, NULL, 2018),
	('2018-07-01 00:00:00', 7, 3, NULL, 2018),
	('2018-07-02 00:00:00', 7, 3, NULL, 2018),
	('2018-07-03 00:00:00', 7, 3, NULL, 2018),
	('2018-07-04 00:00:00', 7, 3, NULL, 2018),
	('2018-07-05 00:00:00', 7, 3, NULL, 2018),
	('2018-07-06 00:00:00', 7, 3, NULL, 2018),
	('2018-07-07 00:00:00', 7, 3, NULL, 2018),
	('2018-07-08 00:00:00', 7, 3, NULL, 2018),
	('2018-07-09 00:00:00', 7, 3, NULL, 2018),
	('2018-07-10 00:00:00', 7, 3, NULL, 2018),
	('2018-07-11 00:00:00', 7, 3, NULL, 2018),
	('2018-07-12 00:00:00', 7, 3, NULL, 2018),
	('2018-07-13 00:00:00', 7, 3, NULL, 2018),
	('2018-07-14 00:00:00', 7, 3, NULL, 2018),
	('2018-07-15 00:00:00', 7, 3, NULL, 2018),
	('2018-07-16 00:00:00', 7, 3, NULL, 2018),
	('2018-07-17 00:00:00', 7, 3, NULL, 2018),
	('2018-07-18 00:00:00', 7, 3, NULL, 2018),
	('2018-07-19 00:00:00', 7, 3, NULL, 2018),
	('2018-07-20 00:00:00', 7, 3, NULL, 2018),
	('2018-07-21 00:00:00', 7, 3, NULL, 2018),
	('2018-07-22 00:00:00', 7, 3, NULL, 2018),
	('2018-07-23 00:00:00', 7, 3, NULL, 2018),
	('2018-07-24 00:00:00', 7, 3, NULL, 2018),
	('2018-07-25 00:00:00', 7, 3, NULL, 2018),
	('2018-07-26 00:00:00', 7, 3, NULL, 2018),
	('2018-07-27 00:00:00', 7, 3, NULL, 2018),
	('2018-07-28 00:00:00', 7, 3, NULL, 2018),
	('2018-07-29 00:00:00', 7, 3, NULL, 2018),
	('2018-07-30 00:00:00', 7, 3, NULL, 2018),
	('2018-07-31 00:00:00', 7, 3, NULL, 2018),
	('2018-08-01 00:00:00', 8, 3, NULL, 2018),
	('2018-08-02 00:00:00', 8, 3, NULL, 2018),
	('2018-08-03 00:00:00', 8, 3, NULL, 2018),
	('2018-08-04 00:00:00', 8, 3, NULL, 2018),
	('2018-08-05 00:00:00', 8, 3, NULL, 2018),
	('2018-08-06 00:00:00', 8, 3, NULL, 2018),
	('2018-08-07 00:00:00', 8, 3, NULL, 2018),
	('2018-08-08 00:00:00', 8, 3, NULL, 2018),
	('2018-08-09 00:00:00', 8, 3, NULL, 2018),
	('2018-08-10 00:00:00', 8, 3, NULL, 2018),
	('2018-08-11 00:00:00', 8, 3, NULL, 2018),
	('2018-08-12 00:00:00', 8, 3, NULL, 2018),
	('2018-08-13 00:00:00', 8, 3, NULL, 2018),
	('2018-08-14 00:00:00', 8, 3, NULL, 2018),
	('2018-08-15 00:00:00', 8, 3, NULL, 2018),
	('2018-08-16 00:00:00', 8, 3, NULL, 2018),
	('2018-08-17 00:00:00', 8, 3, NULL, 2018),
	('2018-08-18 00:00:00', 8, 3, NULL, 2018),
	('2018-08-19 00:00:00', 8, 3, NULL, 2018),
	('2018-08-20 00:00:00', 8, 3, NULL, 2018),
	('2018-08-21 00:00:00', 8, 3, NULL, 2018),
	('2018-08-22 00:00:00', 8, 3, NULL, 2018),
	('2018-08-23 00:00:00', 8, 3, NULL, 2018),
	('2018-08-24 00:00:00', 8, 3, NULL, 2018),
	('2018-08-25 00:00:00', 8, 3, NULL, 2018),
	('2018-08-26 00:00:00', 8, 3, NULL, 2018),
	('2018-08-27 00:00:00', 8, 3, NULL, 2018),
	('2018-08-28 00:00:00', 8, 3, NULL, 2018),
	('2018-08-29 00:00:00', 8, 3, NULL, 2018),
	('2018-08-30 00:00:00', 8, 3, NULL, 2018),
	('2018-08-31 00:00:00', 8, 3, NULL, 2018),
	('2018-09-01 00:00:00', 9, 3, NULL, 2018),
	('2018-09-02 00:00:00', 9, 3, NULL, 2018),
	('2018-09-03 00:00:00', 9, 3, NULL, 2018),
	('2018-09-04 00:00:00', 9, 3, NULL, 2018),
	('2018-09-05 00:00:00', 9, 3, NULL, 2018),
	('2018-09-06 00:00:00', 9, 3, NULL, 2018),
	('2018-09-07 00:00:00', 9, 3, NULL, 2018),
	('2018-09-08 00:00:00', 9, 3, NULL, 2018),
	('2018-09-09 00:00:00', 9, 3, NULL, 2018),
	('2018-09-10 00:00:00', 9, 3, NULL, 2018),
	('2018-09-11 00:00:00', 9, 3, NULL, 2018),
	('2018-09-12 00:00:00', 9, 3, NULL, 2018),
	('2018-09-13 00:00:00', 9, 3, NULL, 2018),
	('2018-09-14 00:00:00', 9, 3, NULL, 2018),
	('2018-09-15 00:00:00', 9, 3, NULL, 2018),
	('2018-09-16 00:00:00', 9, 3, NULL, 2018),
	('2018-09-17 00:00:00', 9, 3, NULL, 2018),
	('2018-09-18 00:00:00', 9, 3, NULL, 2018),
	('2018-09-19 00:00:00', 9, 3, NULL, 2018),
	('2018-09-20 00:00:00', 9, 3, NULL, 2018),
	('2018-09-21 00:00:00', 9, 3, NULL, 2018),
	('2018-09-22 00:00:00', 9, 3, NULL, 2018),
	('2018-09-23 00:00:00', 9, 3, NULL, 2018),
	('2018-09-24 00:00:00', 9, 3, NULL, 2018),
	('2018-09-25 00:00:00', 9, 3, NULL, 2018),
	('2018-09-26 00:00:00', 9, 3, NULL, 2018);
/*!40000 ALTER TABLE `t_r_time` ENABLE KEYS */;

/*!40101 SET SQL_MODE=IFNULL(@OLD_SQL_MODE, '') */;
/*!40014 SET FOREIGN_KEY_CHECKS=IF(@OLD_FOREIGN_KEY_CHECKS IS NULL, 1, @OLD_FOREIGN_KEY_CHECKS) */;
/*!40101 SET CHARACTER_SET_CLIENT=@OLD_CHARACTER_SET_CLIENT */;
